country,population,year
Albania,1,2022
Albania,1,2021
Albania,1,2020
Albania,1,2019
Albania,1,2018
Albania,1,2017
Albania,1,2016
Albania,1,2015
Albania,1,2014
Albania,1,2013
Albania,1,2012
Albania,1,2011
Albania,1,2010
Albania,1,2009
Albania,1,2008
Albania,1,2007
Albania,1,2006
Albania,1,2005
Algeria,1,2022
Algeria,1,2021
Algeria,1,2020
Algeria,1,2019
Algeria,1,2018
Algeria,1,2017
Algeria,1,2016
Algeria,1,2015
Algeria,1,2014
Algeria,1,2013
Algeria,1,2012
Algeria,1,2011
Algeria,1,2010
Algeria,1,2009
Algeria,1,2008
Algeria,1,2007
Algeria,1,2006
Algeria,1,2005
Angola,1,2022
Angola,1,2021
Angola,1,2020
Angola,1,2019
Angola,1,2018
Angola,1,2017
Angola,1,2016
Angola,1,2015
Angola,1,2014
Angola,1,2013
Angola,1,2012
Angola,1,2011
Angola,1,2010
Angola,1,2009
Angola,1,2008
Angola,1,2007
Angola,1,2006
Angola,1,2005
Antigua and Barbuda,1,2022
Antigua and Barbuda,1,2021
Antigua and Barbuda,1,2020
Antigua and Barbuda,1,2019
Antigua and Barbuda,1,2018
Antigua and Barbuda,1,2017
Antigua and Barbuda,1,2016
Antigua and Barbuda,1,2015
Antigua and Barbuda,1,2014
Antigua and Barbuda,1,2013
Antigua and Barbuda,1,2012
Antigua and Barbuda,1,2011
Antigua and Barbuda,1,2010
Antigua and Barbuda,1,2009
Antigua and Barbuda,1,2008
Antigua and Barbuda,1,2007
Antigua and Barbuda,1,2006
Antigua and Barbuda,1,2005
Argentina,1,2022
Argentina,1,2021
Argentina,1,2020
Argentina,1,2019
Argentina,1,2018
Argentina,1,2017
Argentina,1,2016
Argentina,1,2015
Argentina,1,2014
Argentina,1,2013
Argentina,1,2012
Argentina,1,2011
Argentina,1,2010
Argentina,1,2009
Argentina,1,2008
Argentina,1,2007
Argentina,1,2006
Argentina,1,2005
Aruba,1,2022
Aruba,1,2021
Aruba,1,2020
Aruba,1,2019
Aruba,1,2018
Aruba,1,2017
Aruba,1,2016
Aruba,1,2015
Aruba,1,2014
Aruba,1,2013
Aruba,1,2012
Aruba,1,2011
Aruba,1,2010
Aruba,1,2009
Aruba,1,2008
Aruba,1,2007
Aruba,1,2006
Aruba,1,2005
Australia,1,2022
Australia,1,2021
Australia,1,2020
Australia,1,2019
Australia,1,2018
Australia,1,2017
Australia,1,2016
Australia,1,2015
Australia,1,2014
Australia,1,2013
Australia,1,2012
Australia,1,2011
Australia,1,2010
Australia,1,2009
Australia,1,2008
Australia,1,2007
Australia,1,2006
Australia,1,2005
Azerbaijan,1,2022
Azerbaijan,1,2021
Azerbaijan,1,2020
Azerbaijan,1,2019
Azerbaijan,1,2018
Azerbaijan,1,2017
Azerbaijan,1,2016
Azerbaijan,1,2015
Azerbaijan,1,2014
Azerbaijan,1,2013
Azerbaijan,1,2012
Azerbaijan,1,2011
Azerbaijan,1,2010
Azerbaijan,1,2009
Azerbaijan,1,2008
Azerbaijan,1,2007
Azerbaijan,1,2006
Azerbaijan,1,2005
"Bahamas, The",1,2022
"Bahamas, The",1,2021
"Bahamas, The",1,2020
"Bahamas, The",1,2019
"Bahamas, The",1,2018
"Bahamas, The",1,2017
"Bahamas, The",1,2016
"Bahamas, The",1,2015
"Bahamas, The",1,2014
"Bahamas, The",1,2013
"Bahamas, The",1,2012
"Bahamas, The",1,2011
"Bahamas, The",1,2010
"Bahamas, The",1,2009
"Bahamas, The",1,2008
"Bahamas, The",1,2007
"Bahamas, The",1,2006
"Bahamas, The",1,2005
Bahrain,1,2022
Bahrain,1,2021
Bahrain,1,2020
Bahrain,1,2019
Bahrain,1,2018
Bahrain,1,2017
Bahrain,1,2016
Bahrain,1,2015
Bahrain,1,2014
Bahrain,1,2013
Bahrain,1,2012
Bahrain,1,2011
Bahrain,1,2010
Bahrain,1,2009
Bahrain,1,2008
Bahrain,1,2007
Bahrain,1,2006
Bahrain,1,2005
Bangladesh,1,2022
Bangladesh,1,2021
Bangladesh,1,2020
Bangladesh,1,2019
Bangladesh,1,2018
Bangladesh,1,2017
Bangladesh,1,2016
Bangladesh,1,2015
Bangladesh,1,2014
Bangladesh,1,2013
Bangladesh,1,2012
Bangladesh,1,2011
Bangladesh,1,2010
Bangladesh,1,2009
Bangladesh,1,2008
Bangladesh,1,2007
Bangladesh,1,2006
Bangladesh,1,2005
Barbados,1,2022
Barbados,1,2021
Barbados,1,2020
Barbados,1,2019
Barbados,1,2018
Barbados,1,2017
Barbados,1,2016
Barbados,1,2015
Barbados,1,2014
Barbados,1,2013
Barbados,1,2012
Barbados,1,2011
Barbados,1,2010
Barbados,1,2009
Barbados,1,2008
Barbados,1,2007
Barbados,1,2006
Barbados,1,2005
Belgium,1,2022
Belgium,1,2021
Belgium,1,2020
Belgium,1,2019
Belgium,1,2018
Belgium,1,2017
Belgium,1,2016
Belgium,1,2015
Belgium,1,2014
Belgium,1,2013
Belgium,1,2012
Belgium,1,2011
Belgium,1,2010
Belgium,1,2009
Belgium,1,2008
Belgium,1,2007
Belgium,1,2006
Belgium,1,2005
Belize,1,2022
Belize,1,2021
Belize,1,2020
Belize,1,2019
Belize,1,2018
Belize,1,2017
Belize,1,2016
Belize,1,2015
Belize,1,2014
Belize,1,2013
Belize,1,2012
Belize,1,2011
Belize,1,2010
Belize,1,2009
Belize,1,2008
Belize,1,2007
Belize,1,2006
Belize,1,2005
Benin,1,2022
Benin,1,2021
Benin,1,2020
Benin,1,2019
Benin,1,2018
Benin,1,2017
Benin,1,2016
Benin,1,2015
Benin,1,2014
Benin,1,2013
Benin,1,2012
Benin,1,2011
Benin,1,2010
Benin,1,2009
Benin,1,2008
Benin,1,2007
Benin,1,2006
Benin,1,2005
Bermuda,1,2022
Bermuda,1,2021
Bermuda,1,2020
Bermuda,1,2019
Bermuda,1,2018
Bermuda,1,2017
Bermuda,1,2016
Bermuda,1,2015
Bermuda,1,2014
Bermuda,1,2013
Bermuda,1,2012
Bermuda,1,2011
Bermuda,1,2010
Bermuda,1,2009
Bermuda,1,2008
Bermuda,1,2007
Bermuda,1,2006
Bermuda,1,2005
Bosnia and Herzegovina,1,2022
Bosnia and Herzegovina,1,2021
Bosnia and Herzegovina,1,2020
Bosnia and Herzegovina,1,2019
Bosnia and Herzegovina,1,2018
Bosnia and Herzegovina,1,2017
Bosnia and Herzegovina,1,2016
Bosnia and Herzegovina,1,2015
Bosnia and Herzegovina,1,2014
Bosnia and Herzegovina,1,2013
Bosnia and Herzegovina,1,2012
Bosnia and Herzegovina,1,2011
Bosnia and Herzegovina,1,2010
Bosnia and Herzegovina,1,2009
Bosnia and Herzegovina,1,2008
Bosnia and Herzegovina,1,2007
Bosnia and Herzegovina,1,2006
Bosnia and Herzegovina,1,2005
Brazil,1,2022
Brazil,1,2021
Brazil,1,2020
Brazil,1,2019
Brazil,1,2018
Brazil,1,2017
Brazil,1,2016
Brazil,1,2015
Brazil,1,2014
Brazil,1,2013
Brazil,1,2012
Brazil,1,2011
Brazil,1,2010
Brazil,1,2009
Brazil,1,2008
Brazil,1,2007
Brazil,1,2006
Brazil,1,2005
Brunei Darussalam,1,2022
Brunei Darussalam,1,2021
Brunei Darussalam,1,2020
Brunei Darussalam,1,2019
Brunei Darussalam,1,2018
Brunei Darussalam,1,2017
Brunei Darussalam,1,2016
Brunei Darussalam,1,2015
Brunei Darussalam,1,2014
Brunei Darussalam,1,2013
Brunei Darussalam,1,2012
Brunei Darussalam,1,2011
Brunei Darussalam,1,2010
Brunei Darussalam,1,2009
Brunei Darussalam,1,2008
Brunei Darussalam,1,2007
Brunei Darussalam,1,2006
Brunei Darussalam,1,2005
Bulgaria,1,2022
Bulgaria,1,2021
Bulgaria,1,2020
Bulgaria,1,2019
Bulgaria,1,2018
Bulgaria,1,2017
Bulgaria,1,2016
Bulgaria,1,2015
Bulgaria,1,2014
Bulgaria,1,2013
Bulgaria,1,2012
Bulgaria,1,2011
Bulgaria,1,2010
Bulgaria,1,2009
Bulgaria,1,2008
Bulgaria,1,2007
Bulgaria,1,2006
Bulgaria,1,2005
Cabo Verde,1,2022
Cabo Verde,1,2021
Cabo Verde,1,2020
Cabo Verde,1,2019
Cabo Verde,1,2018
Cabo Verde,1,2017
Cabo Verde,1,2016
Cabo Verde,1,2015
Cabo Verde,1,2014
Cabo Verde,1,2013
Cabo Verde,1,2012
Cabo Verde,1,2011
Cabo Verde,1,2010
Cabo Verde,1,2009
Cabo Verde,1,2008
Cabo Verde,1,2007
Cabo Verde,1,2006
Cabo Verde,1,2005
Cambodia,1,2022
Cambodia,1,2021
Cambodia,1,2020
Cambodia,1,2019
Cambodia,1,2018
Cambodia,1,2017
Cambodia,1,2016
Cambodia,1,2015
Cambodia,1,2014
Cambodia,1,2013
Cambodia,1,2012
Cambodia,1,2011
Cambodia,1,2010
Cambodia,1,2009
Cambodia,1,2008
Cambodia,1,2007
Cambodia,1,2006
Cambodia,1,2005
Cameroon,1,2022
Cameroon,1,2021
Cameroon,1,2020
Cameroon,1,2019
Cameroon,1,2018
Cameroon,1,2017
Cameroon,1,2016
Cameroon,1,2015
Cameroon,1,2014
Cameroon,1,2013
Cameroon,1,2012
Cameroon,1,2011
Cameroon,1,2010
Cameroon,1,2009
Cameroon,1,2008
Cameroon,1,2007
Cameroon,1,2006
Cameroon,1,2005
Canada,1,2022
Canada,1,2021
Canada,1,2020
Canada,1,2019
Canada,1,2018
Canada,1,2017
Canada,1,2016
Canada,1,2015
Canada,1,2014
Canada,1,2013
Canada,1,2012
Canada,1,2011
Canada,1,2010
Canada,1,2009
Canada,1,2008
Canada,1,2007
Canada,1,2006
Canada,1,2005
Cayman Islands,1,2022
Cayman Islands,1,2021
Cayman Islands,1,2020
Cayman Islands,1,2019
Cayman Islands,1,2018
Cayman Islands,1,2017
Cayman Islands,1,2016
Cayman Islands,1,2015
Cayman Islands,1,2014
Cayman Islands,1,2013
Cayman Islands,1,2012
Cayman Islands,1,2011
Cayman Islands,1,2010
Cayman Islands,1,2009
Cayman Islands,1,2008
Cayman Islands,1,2007
Cayman Islands,1,2006
Cayman Islands,1,2005
Chile,1,2022
Chile,1,2021
Chile,1,2020
Chile,1,2019
Chile,1,2018
Chile,1,2017
Chile,1,2016
Chile,1,2015
Chile,1,2014
Chile,1,2013
Chile,1,2012
Chile,1,2011
Chile,1,2010
Chile,1,2009
Chile,1,2008
Chile,1,2007
Chile,1,2006
Chile,1,2005
China,1412175000,2022
China,1412360000,2021
China,1411100000,2020
China,1407745000,2019
China,1402760000,2018
China,1396215000,2017
China,1387790000,2016
China,1379860000,2015
China,1371860000,2014
China,1363240000,2013
China,1354190000,2012
China,1345035000,2011
China,1337705000,2010
China,1331260000,2009
China,1324655000,2008
China,1317885000,2007
China,1311020000,2006
China,1303720000,2005
Colombia,1,2022
Colombia,1,2021
Colombia,1,2020
Colombia,1,2019
Colombia,1,2018
Colombia,1,2017
Colombia,1,2016
Colombia,1,2015
Colombia,1,2014
Colombia,1,2013
Colombia,1,2012
Colombia,1,2011
Colombia,1,2010
Colombia,1,2009
Colombia,1,2008
Colombia,1,2007
Colombia,1,2006
Colombia,1,2005
Comoros,1,2022
Comoros,1,2021
Comoros,1,2020
Comoros,1,2019
Comoros,1,2018
Comoros,1,2017
Comoros,1,2016
Comoros,1,2015
Comoros,1,2014
Comoros,1,2013
Comoros,1,2012
Comoros,1,2011
Comoros,1,2010
Comoros,1,2009
Comoros,1,2008
Comoros,1,2007
Comoros,1,2006
Comoros,1,2005
"Congo, Dem. Rep.",1,2022
"Congo, Dem. Rep.",1,2021
"Congo, Dem. Rep.",1,2020
"Congo, Dem. Rep.",1,2019
"Congo, Dem. Rep.",1,2018
"Congo, Dem. Rep.",1,2017
"Congo, Dem. Rep.",1,2016
"Congo, Dem. Rep.",1,2015
"Congo, Dem. Rep.",1,2014
"Congo, Dem. Rep.",1,2013
"Congo, Dem. Rep.",1,2012
"Congo, Dem. Rep.",1,2011
"Congo, Dem. Rep.",1,2010
"Congo, Dem. Rep.",1,2009
"Congo, Dem. Rep.",1,2008
"Congo, Dem. Rep.",1,2007
"Congo, Dem. Rep.",1,2006
"Congo, Dem. Rep.",1,2005
"Congo, Rep.",1,2022
"Congo, Rep.",1,2021
"Congo, Rep.",1,2020
"Congo, Rep.",1,2019
"Congo, Rep.",1,2018
"Congo, Rep.",1,2017
"Congo, Rep.",1,2016
"Congo, Rep.",1,2015
"Congo, Rep.",1,2014
"Congo, Rep.",1,2013
"Congo, Rep.",1,2012
"Congo, Rep.",1,2011
"Congo, Rep.",1,2010
"Congo, Rep.",1,2009
"Congo, Rep.",1,2008
"Congo, Rep.",1,2007
"Congo, Rep.",1,2006
"Congo, Rep.",1,2005
Costa Rica,1,2022
Costa Rica,1,2021
Costa Rica,1,2020
Costa Rica,1,2019
Costa Rica,1,2018
Costa Rica,1,2017
Costa Rica,1,2016
Costa Rica,1,2015
Costa Rica,1,2014
Costa Rica,1,2013
Costa Rica,1,2012
Costa Rica,1,2011
Costa Rica,1,2010
Costa Rica,1,2009
Costa Rica,1,2008
Costa Rica,1,2007
Costa Rica,1,2006
Costa Rica,1,2005
Cote d'Ivoire,1,2022
Cote d'Ivoire,1,2021
Cote d'Ivoire,1,2020
Cote d'Ivoire,1,2019
Cote d'Ivoire,1,2018
Cote d'Ivoire,1,2017
Cote d'Ivoire,1,2016
Cote d'Ivoire,1,2015
Cote d'Ivoire,1,2014
Cote d'Ivoire,1,2013
Cote d'Ivoire,1,2012
Cote d'Ivoire,1,2011
Cote d'Ivoire,1,2010
Cote d'Ivoire,1,2009
Cote d'Ivoire,1,2008
Cote d'Ivoire,1,2007
Cote d'Ivoire,1,2006
Cote d'Ivoire,1,2005
Croatia,1,2022
Croatia,1,2021
Croatia,1,2020
Croatia,1,2019
Croatia,1,2018
Croatia,1,2017
Croatia,1,2016
Croatia,1,2015
Croatia,1,2014
Croatia,1,2013
Croatia,1,2012
Croatia,1,2011
Croatia,1,2010
Croatia,1,2009
Croatia,1,2008
Croatia,1,2007
Croatia,1,2006
Croatia,1,2005
Curacao,1,2022
Curacao,1,2021
Curacao,1,2020
Curacao,1,2019
Curacao,1,2018
Curacao,1,2017
Curacao,1,2016
Curacao,1,2015
Curacao,1,2014
Curacao,1,2013
Curacao,1,2012
Curacao,1,2011
Curacao,1,2010
Curacao,1,2009
Curacao,1,2008
Curacao,1,2007
Curacao,1,2006
Curacao,1,2005
Cyprus,1,2022
Cyprus,1,2021
Cyprus,1,2020
Cyprus,1,2019
Cyprus,1,2018
Cyprus,1,2017
Cyprus,1,2016
Cyprus,1,2015
Cyprus,1,2014
Cyprus,1,2013
Cyprus,1,2012
Cyprus,1,2011
Cyprus,1,2010
Cyprus,1,2009
Cyprus,1,2008
Cyprus,1,2007
Cyprus,1,2006
Cyprus,1,2005
Denmark,1,2022
Denmark,1,2021
Denmark,1,2020
Denmark,1,2019
Denmark,1,2018
Denmark,1,2017
Denmark,1,2016
Denmark,1,2015
Denmark,1,2014
Denmark,1,2013
Denmark,1,2012
Denmark,1,2011
Denmark,1,2010
Denmark,1,2009
Denmark,1,2008
Denmark,1,2007
Denmark,1,2006
Denmark,1,2005
Djibouti,1,2022
Djibouti,1,2021
Djibouti,1,2020
Djibouti,1,2019
Djibouti,1,2018
Djibouti,1,2017
Djibouti,1,2016
Djibouti,1,2015
Djibouti,1,2014
Djibouti,1,2013
Djibouti,1,2012
Djibouti,1,2011
Djibouti,1,2010
Djibouti,1,2009
Djibouti,1,2008
Djibouti,1,2007
Djibouti,1,2006
Djibouti,1,2005
Dominica,1,2022
Dominica,1,2021
Dominica,1,2020
Dominica,1,2019
Dominica,1,2018
Dominica,1,2017
Dominica,1,2016
Dominica,1,2015
Dominica,1,2014
Dominica,1,2013
Dominica,1,2012
Dominica,1,2011
Dominica,1,2010
Dominica,1,2009
Dominica,1,2008
Dominica,1,2007
Dominica,1,2006
Dominica,1,2005
Dominican Republic,1,2022
Dominican Republic,1,2021
Dominican Republic,1,2020
Dominican Republic,1,2019
Dominican Republic,1,2018
Dominican Republic,1,2017
Dominican Republic,1,2016
Dominican Republic,1,2015
Dominican Republic,1,2014
Dominican Republic,1,2013
Dominican Republic,1,2012
Dominican Republic,1,2011
Dominican Republic,1,2010
Dominican Republic,1,2009
Dominican Republic,1,2008
Dominican Republic,1,2007
Dominican Republic,1,2006
Dominican Republic,1,2005
Ecuador,1,2022
Ecuador,1,2021
Ecuador,1,2020
Ecuador,1,2019
Ecuador,1,2018
Ecuador,1,2017
Ecuador,1,2016
Ecuador,1,2015
Ecuador,1,2014
Ecuador,1,2013
Ecuador,1,2012
Ecuador,1,2011
Ecuador,1,2010
Ecuador,1,2009
Ecuador,1,2008
Ecuador,1,2007
Ecuador,1,2006
Ecuador,1,2005
"Egypt, Arab Rep.",1,2022
"Egypt, Arab Rep.",1,2021
"Egypt, Arab Rep.",1,2020
"Egypt, Arab Rep.",1,2019
"Egypt, Arab Rep.",1,2018
"Egypt, Arab Rep.",1,2017
"Egypt, Arab Rep.",1,2016
"Egypt, Arab Rep.",1,2015
"Egypt, Arab Rep.",1,2014
"Egypt, Arab Rep.",1,2013
"Egypt, Arab Rep.",1,2012
"Egypt, Arab Rep.",1,2011
"Egypt, Arab Rep.",1,2010
"Egypt, Arab Rep.",1,2009
"Egypt, Arab Rep.",1,2008
"Egypt, Arab Rep.",1,2007
"Egypt, Arab Rep.",1,2006
"Egypt, Arab Rep.",1,2005
El Salvador,1,2022
El Salvador,1,2021
El Salvador,1,2020
El Salvador,1,2019
El Salvador,1,2018
El Salvador,1,2017
El Salvador,1,2016
El Salvador,1,2015
El Salvador,1,2014
El Salvador,1,2013
El Salvador,1,2012
El Salvador,1,2011
El Salvador,1,2010
El Salvador,1,2009
El Salvador,1,2008
El Salvador,1,2007
El Salvador,1,2006
El Salvador,1,2005
Equatorial Guinea,1,2022
Equatorial Guinea,1,2021
Equatorial Guinea,1,2020
Equatorial Guinea,1,2019
Equatorial Guinea,1,2018
Equatorial Guinea,1,2017
Equatorial Guinea,1,2016
Equatorial Guinea,1,2015
Equatorial Guinea,1,2014
Equatorial Guinea,1,2013
Equatorial Guinea,1,2012
Equatorial Guinea,1,2011
Equatorial Guinea,1,2010
Equatorial Guinea,1,2009
Equatorial Guinea,1,2008
Equatorial Guinea,1,2007
Equatorial Guinea,1,2006
Equatorial Guinea,1,2005
Estonia,1,2022
Estonia,1,2021
Estonia,1,2020
Estonia,1,2019
Estonia,1,2018
Estonia,1,2017
Estonia,1,2016
Estonia,1,2015
Estonia,1,2014
Estonia,1,2013
Estonia,1,2012
Estonia,1,2011
Estonia,1,2010
Estonia,1,2009
Estonia,1,2008
Estonia,1,2007
Estonia,1,2006
Estonia,1,2005
Fiji,1,2022
Fiji,1,2021
Fiji,1,2020
Fiji,1,2019
Fiji,1,2018
Fiji,1,2017
Fiji,1,2016
Fiji,1,2015
Fiji,1,2014
Fiji,1,2013
Fiji,1,2012
Fiji,1,2011
Fiji,1,2010
Fiji,1,2009
Fiji,1,2008
Fiji,1,2007
Fiji,1,2006
Fiji,1,2005
Finland,1,2022
Finland,1,2021
Finland,1,2020
Finland,1,2019
Finland,1,2018
Finland,1,2017
Finland,1,2016
Finland,1,2015
Finland,1,2014
Finland,1,2013
Finland,1,2012
Finland,1,2011
Finland,1,2010
Finland,1,2009
Finland,1,2008
Finland,1,2007
Finland,1,2006
Finland,1,2005
France,1,2022
France,1,2021
France,1,2020
France,1,2019
France,1,2018
France,1,2017
France,1,2016
France,1,2015
France,1,2014
France,1,2013
France,1,2012
France,1,2011
France,1,2010
France,1,2009
France,1,2008
France,1,2007
France,1,2006
France,1,2005
Gabon,1,2022
Gabon,1,2021
Gabon,1,2020
Gabon,1,2019
Gabon,1,2018
Gabon,1,2017
Gabon,1,2016
Gabon,1,2015
Gabon,1,2014
Gabon,1,2013
Gabon,1,2012
Gabon,1,2011
Gabon,1,2010
Gabon,1,2009
Gabon,1,2008
Gabon,1,2007
Gabon,1,2006
Gabon,1,2005
"Gambia, The",1,2022
"Gambia, The",1,2021
"Gambia, The",1,2020
"Gambia, The",1,2019
"Gambia, The",1,2018
"Gambia, The",1,2017
"Gambia, The",1,2016
"Gambia, The",1,2015
"Gambia, The",1,2014
"Gambia, The",1,2013
"Gambia, The",1,2012
"Gambia, The",1,2011
"Gambia, The",1,2010
"Gambia, The",1,2009
"Gambia, The",1,2008
"Gambia, The",1,2007
"Gambia, The",1,2006
"Gambia, The",1,2005
Georgia,1,2022
Georgia,1,2021
Georgia,1,2020
Georgia,1,2019
Georgia,1,2018
Georgia,1,2017
Georgia,1,2016
Georgia,1,2015
Georgia,1,2014
Georgia,1,2013
Georgia,1,2012
Georgia,1,2011
Georgia,1,2010
Georgia,1,2009
Georgia,1,2008
Georgia,1,2007
Georgia,1,2006
Georgia,1,2005
Germany,1,2022
Germany,1,2021
Germany,1,2020
Germany,1,2019
Germany,1,2018
Germany,1,2017
Germany,1,2016
Germany,1,2015
Germany,1,2014
Germany,1,2013
Germany,1,2012
Germany,1,2011
Germany,1,2010
Germany,1,2009
Germany,1,2008
Germany,1,2007
Germany,1,2006
Germany,1,2005
Ghana,1,2022
Ghana,1,2021
Ghana,1,2020
Ghana,1,2019
Ghana,1,2018
Ghana,1,2017
Ghana,1,2016
Ghana,1,2015
Ghana,1,2014
Ghana,1,2013
Ghana,1,2012
Ghana,1,2011
Ghana,1,2010
Ghana,1,2009
Ghana,1,2008
Ghana,1,2007
Ghana,1,2006
Ghana,1,2005
Greece,1,2022
Greece,1,2021
Greece,1,2020
Greece,1,2019
Greece,1,2018
Greece,1,2017
Greece,1,2016
Greece,1,2015
Greece,1,2014
Greece,1,2013
Greece,1,2012
Greece,1,2011
Greece,1,2010
Greece,1,2009
Greece,1,2008
Greece,1,2007
Greece,1,2006
Greece,1,2005
Grenada,1,2022
Grenada,1,2021
Grenada,1,2020
Grenada,1,2019
Grenada,1,2018
Grenada,1,2017
Grenada,1,2016
Grenada,1,2015
Grenada,1,2014
Grenada,1,2013
Grenada,1,2012
Grenada,1,2011
Grenada,1,2010
Grenada,1,2009
Grenada,1,2008
Grenada,1,2007
Grenada,1,2006
Grenada,1,2005
Guatemala,1,2022
Guatemala,1,2021
Guatemala,1,2020
Guatemala,1,2019
Guatemala,1,2018
Guatemala,1,2017
Guatemala,1,2016
Guatemala,1,2015
Guatemala,1,2014
Guatemala,1,2013
Guatemala,1,2012
Guatemala,1,2011
Guatemala,1,2010
Guatemala,1,2009
Guatemala,1,2008
Guatemala,1,2007
Guatemala,1,2006
Guatemala,1,2005
Guinea,1,2022
Guinea,1,2021
Guinea,1,2020
Guinea,1,2019
Guinea,1,2018
Guinea,1,2017
Guinea,1,2016
Guinea,1,2015
Guinea,1,2014
Guinea,1,2013
Guinea,1,2012
Guinea,1,2011
Guinea,1,2010
Guinea,1,2009
Guinea,1,2008
Guinea,1,2007
Guinea,1,2006
Guinea,1,2005
Guinea-Bissau,1,2022
Guinea-Bissau,1,2021
Guinea-Bissau,1,2020
Guinea-Bissau,1,2019
Guinea-Bissau,1,2018
Guinea-Bissau,1,2017
Guinea-Bissau,1,2016
Guinea-Bissau,1,2015
Guinea-Bissau,1,2014
Guinea-Bissau,1,2013
Guinea-Bissau,1,2012
Guinea-Bissau,1,2011
Guinea-Bissau,1,2010
Guinea-Bissau,1,2009
Guinea-Bissau,1,2008
Guinea-Bissau,1,2007
Guinea-Bissau,1,2006
Guinea-Bissau,1,2005
Guyana,1,2022
Guyana,1,2021
Guyana,1,2020
Guyana,1,2019
Guyana,1,2018
Guyana,1,2017
Guyana,1,2016
Guyana,1,2015
Guyana,1,2014
Guyana,1,2013
Guyana,1,2012
Guyana,1,2011
Guyana,1,2010
Guyana,1,2009
Guyana,1,2008
Guyana,1,2007
Guyana,1,2006
Guyana,1,2005
Haiti,1,2022
Haiti,1,2021
Haiti,1,2020
Haiti,1,2019
Haiti,1,2018
Haiti,1,2017
Haiti,1,2016
Haiti,1,2015
Haiti,1,2014
Haiti,1,2013
Haiti,1,2012
Haiti,1,2011
Haiti,1,2010
Haiti,1,2009
Haiti,1,2008
Haiti,1,2007
Haiti,1,2006
Haiti,1,2005
Honduras,1,2022
Honduras,1,2021
Honduras,1,2020
Honduras,1,2019
Honduras,1,2018
Honduras,1,2017
Honduras,1,2016
Honduras,1,2015
Honduras,1,2014
Honduras,1,2013
Honduras,1,2012
Honduras,1,2011
Honduras,1,2010
Honduras,1,2009
Honduras,1,2008
Honduras,1,2007
Honduras,1,2006
Honduras,1,2005
"Hong Kong SAR, China",7346100,2022
"Hong Kong SAR, China",7413100,2021
"Hong Kong SAR, China",7481000,2020
"Hong Kong SAR, China",7507900,2019
"Hong Kong SAR, China",7452600,2018
"Hong Kong SAR, China",7393200,2017
"Hong Kong SAR, China",7336600,2016
"Hong Kong SAR, China",7291300,2015
"Hong Kong SAR, China",7229500,2014
"Hong Kong SAR, China",7178900,2013
"Hong Kong SAR, China",7150100,2012
"Hong Kong SAR, China",7071600,2011
"Hong Kong SAR, China",7024200,2010
"Hong Kong SAR, China",6972800,2009
"Hong Kong SAR, China",6957800,2008
"Hong Kong SAR, China",6916300,2007
"Hong Kong SAR, China",6857100,2006
"Hong Kong SAR, China",6813200,2005
Iceland,1,2022
Iceland,1,2021
Iceland,1,2020
Iceland,1,2019
Iceland,1,2018
Iceland,1,2017
Iceland,1,2016
Iceland,1,2015
Iceland,1,2014
Iceland,1,2013
Iceland,1,2012
Iceland,1,2011
Iceland,1,2010
Iceland,1,2009
Iceland,1,2008
Iceland,1,2007
Iceland,1,2006
Iceland,1,2005
India,1,2022
India,1,2021
India,1,2020
India,1,2019
India,1,2018
India,1,2017
India,1,2016
India,1,2015
India,1,2014
India,1,2013
India,1,2012
India,1,2011
India,1,2010
India,1,2009
India,1,2008
India,1,2007
India,1,2006
India,1,2005
Indonesia,1,2022
Indonesia,1,2021
Indonesia,1,2020
Indonesia,1,2019
Indonesia,1,2018
Indonesia,1,2017
Indonesia,1,2016
Indonesia,1,2015
Indonesia,1,2014
Indonesia,1,2013
Indonesia,1,2012
Indonesia,1,2011
Indonesia,1,2010
Indonesia,1,2009
Indonesia,1,2008
Indonesia,1,2007
Indonesia,1,2006
Indonesia,1,2005
"Iran, Islamic Rep.",1,2022
"Iran, Islamic Rep.",1,2021
"Iran, Islamic Rep.",1,2020
"Iran, Islamic Rep.",1,2019
"Iran, Islamic Rep.",1,2018
"Iran, Islamic Rep.",1,2017
"Iran, Islamic Rep.",1,2016
"Iran, Islamic Rep.",1,2015
"Iran, Islamic Rep.",1,2014
"Iran, Islamic Rep.",1,2013
"Iran, Islamic Rep.",1,2012
"Iran, Islamic Rep.",1,2011
"Iran, Islamic Rep.",1,2010
"Iran, Islamic Rep.",1,2009
"Iran, Islamic Rep.",1,2008
"Iran, Islamic Rep.",1,2007
"Iran, Islamic Rep.",1,2006
"Iran, Islamic Rep.",1,2005
Iraq,1,2022
Iraq,1,2021
Iraq,1,2020
Iraq,1,2019
Iraq,1,2018
Iraq,1,2017
Iraq,1,2016
Iraq,1,2015
Iraq,1,2014
Iraq,1,2013
Iraq,1,2012
Iraq,1,2011
Iraq,1,2010
Iraq,1,2009
Iraq,1,2008
Iraq,1,2007
Iraq,1,2006
Iraq,1,2005
Ireland,1,2022
Ireland,1,2021
Ireland,1,2020
Ireland,1,2019
Ireland,1,2018
Ireland,1,2017
Ireland,1,2016
Ireland,1,2015
Ireland,1,2014
Ireland,1,2013
Ireland,1,2012
Ireland,1,2011
Ireland,1,2010
Ireland,1,2009
Ireland,1,2008
Ireland,1,2007
Ireland,1,2006
Ireland,1,2005
Israel,1,2022
Israel,1,2021
Israel,1,2020
Israel,1,2019
Israel,1,2018
Israel,1,2017
Israel,1,2016
Israel,1,2015
Israel,1,2014
Israel,1,2013
Israel,1,2012
Israel,1,2011
Israel,1,2010
Israel,1,2009
Israel,1,2008
Israel,1,2007
Israel,1,2006
Israel,1,2005
Italy,1,2022
Italy,1,2021
Italy,1,2020
Italy,1,2019
Italy,1,2018
Italy,1,2017
Italy,1,2016
Italy,1,2015
Italy,1,2014
Italy,1,2013
Italy,1,2012
Italy,1,2011
Italy,1,2010
Italy,1,2009
Italy,1,2008
Italy,1,2007
Italy,1,2006
Italy,1,2005
Jamaica,1,2022
Jamaica,1,2021
Jamaica,1,2020
Jamaica,1,2019
Jamaica,1,2018
Jamaica,1,2017
Jamaica,1,2016
Jamaica,1,2015
Jamaica,1,2014
Jamaica,1,2013
Jamaica,1,2012
Jamaica,1,2011
Jamaica,1,2010
Jamaica,1,2009
Jamaica,1,2008
Jamaica,1,2007
Jamaica,1,2006
Jamaica,1,2005
Japan,1,2022
Japan,1,2021
Japan,1,2020
Japan,1,2019
Japan,1,2018
Japan,1,2017
Japan,1,2016
Japan,1,2015
Japan,1,2014
Japan,1,2013
Japan,1,2012
Japan,1,2011
Japan,1,2010
Japan,1,2009
Japan,1,2008
Japan,1,2007
Japan,1,2006
Japan,1,2005
Jordan,1,2022
Jordan,1,2021
Jordan,1,2020
Jordan,1,2019
Jordan,1,2018
Jordan,1,2017
Jordan,1,2016
Jordan,1,2015
Jordan,1,2014
Jordan,1,2013
Jordan,1,2012
Jordan,1,2011
Jordan,1,2010
Jordan,1,2009
Jordan,1,2008
Jordan,1,2007
Jordan,1,2006
Jordan,1,2005
Kenya,1,2022
Kenya,1,2021
Kenya,1,2020
Kenya,1,2019
Kenya,1,2018
Kenya,1,2017
Kenya,1,2016
Kenya,1,2015
Kenya,1,2014
Kenya,1,2013
Kenya,1,2012
Kenya,1,2011
Kenya,1,2010
Kenya,1,2009
Kenya,1,2008
Kenya,1,2007
Kenya,1,2006
Kenya,1,2005
Kiribati,1,2022
Kiribati,1,2021
Kiribati,1,2020
Kiribati,1,2019
Kiribati,1,2018
Kiribati,1,2017
Kiribati,1,2016
Kiribati,1,2015
Kiribati,1,2014
Kiribati,1,2013
Kiribati,1,2012
Kiribati,1,2011
Kiribati,1,2010
Kiribati,1,2009
Kiribati,1,2008
Kiribati,1,2007
Kiribati,1,2006
Kiribati,1,2005
"Korea, Rep.",1,2022
"Korea, Rep.",1,2021
"Korea, Rep.",1,2020
"Korea, Rep.",1,2019
"Korea, Rep.",1,2018
"Korea, Rep.",1,2017
"Korea, Rep.",1,2016
"Korea, Rep.",1,2015
"Korea, Rep.",1,2014
"Korea, Rep.",1,2013
"Korea, Rep.",1,2012
"Korea, Rep.",1,2011
"Korea, Rep.",1,2010
"Korea, Rep.",1,2009
"Korea, Rep.",1,2008
"Korea, Rep.",1,2007
"Korea, Rep.",1,2006
"Korea, Rep.",1,2005
Kuwait,1,2022
Kuwait,1,2021
Kuwait,1,2020
Kuwait,1,2019
Kuwait,1,2018
Kuwait,1,2017
Kuwait,1,2016
Kuwait,1,2015
Kuwait,1,2014
Kuwait,1,2013
Kuwait,1,2012
Kuwait,1,2011
Kuwait,1,2010
Kuwait,1,2009
Kuwait,1,2008
Kuwait,1,2007
Kuwait,1,2006
Kuwait,1,2005
Latvia,1,2022
Latvia,1,2021
Latvia,1,2020
Latvia,1,2019
Latvia,1,2018
Latvia,1,2017
Latvia,1,2016
Latvia,1,2015
Latvia,1,2014
Latvia,1,2013
Latvia,1,2012
Latvia,1,2011
Latvia,1,2010
Latvia,1,2009
Latvia,1,2008
Latvia,1,2007
Latvia,1,2006
Latvia,1,2005
Lebanon,1,2022
Lebanon,1,2021
Lebanon,1,2020
Lebanon,1,2019
Lebanon,1,2018
Lebanon,1,2017
Lebanon,1,2016
Lebanon,1,2015
Lebanon,1,2014
Lebanon,1,2013
Lebanon,1,2012
Lebanon,1,2011
Lebanon,1,2010
Lebanon,1,2009
Lebanon,1,2008
Lebanon,1,2007
Lebanon,1,2006
Lebanon,1,2005
Liberia,1,2022
Liberia,1,2021
Liberia,1,2020
Liberia,1,2019
Liberia,1,2018
Liberia,1,2017
Liberia,1,2016
Liberia,1,2015
Liberia,1,2014
Liberia,1,2013
Liberia,1,2012
Liberia,1,2011
Liberia,1,2010
Liberia,1,2009
Liberia,1,2008
Liberia,1,2007
Liberia,1,2006
Liberia,1,2005
Libya,1,2022
Libya,1,2021
Libya,1,2020
Libya,1,2019
Libya,1,2018
Libya,1,2017
Libya,1,2016
Libya,1,2015
Libya,1,2014
Libya,1,2013
Libya,1,2012
Libya,1,2011
Libya,1,2010
Libya,1,2009
Libya,1,2008
Libya,1,2007
Libya,1,2006
Libya,1,2005
Lithuania,1,2022
Lithuania,1,2021
Lithuania,1,2020
Lithuania,1,2019
Lithuania,1,2018
Lithuania,1,2017
Lithuania,1,2016
Lithuania,1,2015
Lithuania,1,2014
Lithuania,1,2013
Lithuania,1,2012
Lithuania,1,2011
Lithuania,1,2010
Lithuania,1,2009
Lithuania,1,2008
Lithuania,1,2007
Lithuania,1,2006
Lithuania,1,2005
"Macao SAR, China",695168,2022
"Macao SAR, China",686607,2021
"Macao SAR, China",676283,2020
"Macao SAR, China",663653,2019
"Macao SAR, China",650991,2018
"Macao SAR, China",638609,2017
"Macao SAR, China",626688,2016
"Macao SAR, China",615239,2015
"Macao SAR, China",604167,2014
"Macao SAR, China",593374,2013
"Macao SAR, China",582766,2012
"Macao SAR, China",571003,2011
"Macao SAR, China",557297,2010
"Macao SAR, China",543021,2009
"Macao SAR, China",529038,2008
"Macao SAR, China",515330,2007
"Macao SAR, China",501863,2006
"Macao SAR, China",488619,2005
Madagascar,1,2022
Madagascar,1,2021
Madagascar,1,2020
Madagascar,1,2019
Madagascar,1,2018
Madagascar,1,2017
Madagascar,1,2016
Madagascar,1,2015
Madagascar,1,2014
Madagascar,1,2013
Madagascar,1,2012
Madagascar,1,2011
Madagascar,1,2010
Madagascar,1,2009
Madagascar,1,2008
Madagascar,1,2007
Madagascar,1,2006
Madagascar,1,2005
Malaysia,1,2022
Malaysia,1,2021
Malaysia,1,2020
Malaysia,1,2019
Malaysia,1,2018
Malaysia,1,2017
Malaysia,1,2016
Malaysia,1,2015
Malaysia,1,2014
Malaysia,1,2013
Malaysia,1,2012
Malaysia,1,2011
Malaysia,1,2010
Malaysia,1,2009
Malaysia,1,2008
Malaysia,1,2007
Malaysia,1,2006
Malaysia,1,2005
Maldives,1,2022
Maldives,1,2021
Maldives,1,2020
Maldives,1,2019
Maldives,1,2018
Maldives,1,2017
Maldives,1,2016
Maldives,1,2015
Maldives,1,2014
Maldives,1,2013
Maldives,1,2012
Maldives,1,2011
Maldives,1,2010
Maldives,1,2009
Maldives,1,2008
Maldives,1,2007
Maldives,1,2006
Maldives,1,2005
Malta,1,2022
Malta,1,2021
Malta,1,2020
Malta,1,2019
Malta,1,2018
Malta,1,2017
Malta,1,2016
Malta,1,2015
Malta,1,2014
Malta,1,2013
Malta,1,2012
Malta,1,2011
Malta,1,2010
Malta,1,2009
Malta,1,2008
Malta,1,2007
Malta,1,2006
Malta,1,2005
Marshall Islands,1,2022
Marshall Islands,1,2021
Marshall Islands,1,2020
Marshall Islands,1,2019
Marshall Islands,1,2018
Marshall Islands,1,2017
Marshall Islands,1,2016
Marshall Islands,1,2015
Marshall Islands,1,2014
Marshall Islands,1,2013
Marshall Islands,1,2012
Marshall Islands,1,2011
Marshall Islands,1,2010
Marshall Islands,1,2009
Marshall Islands,1,2008
Marshall Islands,1,2007
Marshall Islands,1,2006
Marshall Islands,1,2005
Mauritania,1,2022
Mauritania,1,2021
Mauritania,1,2020
Mauritania,1,2019
Mauritania,1,2018
Mauritania,1,2017
Mauritania,1,2016
Mauritania,1,2015
Mauritania,1,2014
Mauritania,1,2013
Mauritania,1,2012
Mauritania,1,2011
Mauritania,1,2010
Mauritania,1,2009
Mauritania,1,2008
Mauritania,1,2007
Mauritania,1,2006
Mauritania,1,2005
Mauritius,1,2022
Mauritius,1,2021
Mauritius,1,2020
Mauritius,1,2019
Mauritius,1,2018
Mauritius,1,2017
Mauritius,1,2016
Mauritius,1,2015
Mauritius,1,2014
Mauritius,1,2013
Mauritius,1,2012
Mauritius,1,2011
Mauritius,1,2010
Mauritius,1,2009
Mauritius,1,2008
Mauritius,1,2007
Mauritius,1,2006
Mauritius,1,2005
Mexico,1,2022
Mexico,1,2021
Mexico,1,2020
Mexico,1,2019
Mexico,1,2018
Mexico,1,2017
Mexico,1,2016
Mexico,1,2015
Mexico,1,2014
Mexico,1,2013
Mexico,1,2012
Mexico,1,2011
Mexico,1,2010
Mexico,1,2009
Mexico,1,2008
Mexico,1,2007
Mexico,1,2006
Mexico,1,2005
"Micronesia, Fed. Sts.",1,2022
"Micronesia, Fed. Sts.",1,2021
"Micronesia, Fed. Sts.",1,2020
"Micronesia, Fed. Sts.",1,2019
"Micronesia, Fed. Sts.",1,2018
"Micronesia, Fed. Sts.",1,2017
"Micronesia, Fed. Sts.",1,2016
"Micronesia, Fed. Sts.",1,2015
"Micronesia, Fed. Sts.",1,2014
"Micronesia, Fed. Sts.",1,2013
"Micronesia, Fed. Sts.",1,2012
"Micronesia, Fed. Sts.",1,2011
"Micronesia, Fed. Sts.",1,2010
"Micronesia, Fed. Sts.",1,2009
"Micronesia, Fed. Sts.",1,2008
"Micronesia, Fed. Sts.",1,2007
"Micronesia, Fed. Sts.",1,2006
"Micronesia, Fed. Sts.",1,2005
Montenegro,1,2022
Montenegro,1,2021
Montenegro,1,2020
Montenegro,1,2019
Montenegro,1,2018
Montenegro,1,2017
Montenegro,1,2016
Montenegro,1,2015
Montenegro,1,2014
Montenegro,1,2013
Montenegro,1,2012
Montenegro,1,2011
Montenegro,1,2010
Montenegro,1,2009
Montenegro,1,2008
Montenegro,1,2007
Montenegro,1,2006
Montenegro,1,2005
Morocco,1,2022
Morocco,1,2021
Morocco,1,2020
Morocco,1,2019
Morocco,1,2018
Morocco,1,2017
Morocco,1,2016
Morocco,1,2015
Morocco,1,2014
Morocco,1,2013
Morocco,1,2012
Morocco,1,2011
Morocco,1,2010
Morocco,1,2009
Morocco,1,2008
Morocco,1,2007
Morocco,1,2006
Morocco,1,2005
Mozambique,1,2022
Mozambique,1,2021
Mozambique,1,2020
Mozambique,1,2019
Mozambique,1,2018
Mozambique,1,2017
Mozambique,1,2016
Mozambique,1,2015
Mozambique,1,2014
Mozambique,1,2013
Mozambique,1,2012
Mozambique,1,2011
Mozambique,1,2010
Mozambique,1,2009
Mozambique,1,2008
Mozambique,1,2007
Mozambique,1,2006
Mozambique,1,2005
Myanmar,1,2022
Myanmar,1,2021
Myanmar,1,2020
Myanmar,1,2019
Myanmar,1,2018
Myanmar,1,2017
Myanmar,1,2016
Myanmar,1,2015
Myanmar,1,2014
Myanmar,1,2013
Myanmar,1,2012
Myanmar,1,2011
Myanmar,1,2010
Myanmar,1,2009
Myanmar,1,2008
Myanmar,1,2007
Myanmar,1,2006
Myanmar,1,2005
Namibia,1,2022
Namibia,1,2021
Namibia,1,2020
Namibia,1,2019
Namibia,1,2018
Namibia,1,2017
Namibia,1,2016
Namibia,1,2015
Namibia,1,2014
Namibia,1,2013
Namibia,1,2012
Namibia,1,2011
Namibia,1,2010
Namibia,1,2009
Namibia,1,2008
Namibia,1,2007
Namibia,1,2006
Namibia,1,2005
Nauru,1,2022
Nauru,1,2021
Nauru,1,2020
Nauru,1,2019
Nauru,1,2018
Nauru,1,2017
Nauru,1,2016
Nauru,1,2015
Nauru,1,2014
Nauru,1,2013
Nauru,1,2012
Nauru,1,2011
Nauru,1,2010
Nauru,1,2009
Nauru,1,2008
Nauru,1,2007
Nauru,1,2006
Nauru,1,2005
Netherlands,1,2022
Netherlands,1,2021
Netherlands,1,2020
Netherlands,1,2019
Netherlands,1,2018
Netherlands,1,2017
Netherlands,1,2016
Netherlands,1,2015
Netherlands,1,2014
Netherlands,1,2013
Netherlands,1,2012
Netherlands,1,2011
Netherlands,1,2010
Netherlands,1,2009
Netherlands,1,2008
Netherlands,1,2007
Netherlands,1,2006
Netherlands,1,2005
New Zealand,1,2022
New Zealand,1,2021
New Zealand,1,2020
New Zealand,1,2019
New Zealand,1,2018
New Zealand,1,2017
New Zealand,1,2016
New Zealand,1,2015
New Zealand,1,2014
New Zealand,1,2013
New Zealand,1,2012
New Zealand,1,2011
New Zealand,1,2010
New Zealand,1,2009
New Zealand,1,2008
New Zealand,1,2007
New Zealand,1,2006
New Zealand,1,2005
Nicaragua,1,2022
Nicaragua,1,2021
Nicaragua,1,2020
Nicaragua,1,2019
Nicaragua,1,2018
Nicaragua,1,2017
Nicaragua,1,2016
Nicaragua,1,2015
Nicaragua,1,2014
Nicaragua,1,2013
Nicaragua,1,2012
Nicaragua,1,2011
Nicaragua,1,2010
Nicaragua,1,2009
Nicaragua,1,2008
Nicaragua,1,2007
Nicaragua,1,2006
Nicaragua,1,2005
Nigeria,1,2022
Nigeria,1,2021
Nigeria,1,2020
Nigeria,1,2019
Nigeria,1,2018
Nigeria,1,2017
Nigeria,1,2016
Nigeria,1,2015
Nigeria,1,2014
Nigeria,1,2013
Nigeria,1,2012
Nigeria,1,2011
Nigeria,1,2010
Nigeria,1,2009
Nigeria,1,2008
Nigeria,1,2007
Nigeria,1,2006
Nigeria,1,2005
Norway,1,2022
Norway,1,2021
Norway,1,2020
Norway,1,2019
Norway,1,2018
Norway,1,2017
Norway,1,2016
Norway,1,2015
Norway,1,2014
Norway,1,2013
Norway,1,2012
Norway,1,2011
Norway,1,2010
Norway,1,2009
Norway,1,2008
Norway,1,2007
Norway,1,2006
Norway,1,2005
Oman,1,2022
Oman,1,2021
Oman,1,2020
Oman,1,2019
Oman,1,2018
Oman,1,2017
Oman,1,2016
Oman,1,2015
Oman,1,2014
Oman,1,2013
Oman,1,2012
Oman,1,2011
Oman,1,2010
Oman,1,2009
Oman,1,2008
Oman,1,2007
Oman,1,2006
Oman,1,2005
Pakistan,1,2022
Pakistan,1,2021
Pakistan,1,2020
Pakistan,1,2019
Pakistan,1,2018
Pakistan,1,2017
Pakistan,1,2016
Pakistan,1,2015
Pakistan,1,2014
Pakistan,1,2013
Pakistan,1,2012
Pakistan,1,2011
Pakistan,1,2010
Pakistan,1,2009
Pakistan,1,2008
Pakistan,1,2007
Pakistan,1,2006
Pakistan,1,2005
Palau,1,2022
Palau,1,2021
Palau,1,2020
Palau,1,2019
Palau,1,2018
Palau,1,2017
Palau,1,2016
Palau,1,2015
Palau,1,2014
Palau,1,2013
Palau,1,2012
Palau,1,2011
Palau,1,2010
Palau,1,2009
Palau,1,2008
Palau,1,2007
Palau,1,2006
Palau,1,2005
Panama,1,2022
Panama,1,2021
Panama,1,2020
Panama,1,2019
Panama,1,2018
Panama,1,2017
Panama,1,2016
Panama,1,2015
Panama,1,2014
Panama,1,2013
Panama,1,2012
Panama,1,2011
Panama,1,2010
Panama,1,2009
Panama,1,2008
Panama,1,2007
Panama,1,2006
Panama,1,2005
Papua New Guinea,1,2022
Papua New Guinea,1,2021
Papua New Guinea,1,2020
Papua New Guinea,1,2019
Papua New Guinea,1,2018
Papua New Guinea,1,2017
Papua New Guinea,1,2016
Papua New Guinea,1,2015
Papua New Guinea,1,2014
Papua New Guinea,1,2013
Papua New Guinea,1,2012
Papua New Guinea,1,2011
Papua New Guinea,1,2010
Papua New Guinea,1,2009
Papua New Guinea,1,2008
Papua New Guinea,1,2007
Papua New Guinea,1,2006
Papua New Guinea,1,2005
Peru,1,2022
Peru,1,2021
Peru,1,2020
Peru,1,2019
Peru,1,2018
Peru,1,2017
Peru,1,2016
Peru,1,2015
Peru,1,2014
Peru,1,2013
Peru,1,2012
Peru,1,2011
Peru,1,2010
Peru,1,2009
Peru,1,2008
Peru,1,2007
Peru,1,2006
Peru,1,2005
Philippines,1,2022
Philippines,1,2021
Philippines,1,2020
Philippines,1,2019
Philippines,1,2018
Philippines,1,2017
Philippines,1,2016
Philippines,1,2015
Philippines,1,2014
Philippines,1,2013
Philippines,1,2012
Philippines,1,2011
Philippines,1,2010
Philippines,1,2009
Philippines,1,2008
Philippines,1,2007
Philippines,1,2006
Philippines,1,2005
Poland,1,2022
Poland,1,2021
Poland,1,2020
Poland,1,2019
Poland,1,2018
Poland,1,2017
Poland,1,2016
Poland,1,2015
Poland,1,2014
Poland,1,2013
Poland,1,2012
Poland,1,2011
Poland,1,2010
Poland,1,2009
Poland,1,2008
Poland,1,2007
Poland,1,2006
Poland,1,2005
Portugal,1,2022
Portugal,1,2021
Portugal,1,2020
Portugal,1,2019
Portugal,1,2018
Portugal,1,2017
Portugal,1,2016
Portugal,1,2015
Portugal,1,2014
Portugal,1,2013
Portugal,1,2012
Portugal,1,2011
Portugal,1,2010
Portugal,1,2009
Portugal,1,2008
Portugal,1,2007
Portugal,1,2006
Portugal,1,2005
Puerto Rico,3221789,2022
Puerto Rico,3262693,2021
Puerto Rico,3281557,2020
Puerto Rico,3193694,2019
Puerto Rico,3193354,2018
Puerto Rico,3325286,2017
Puerto Rico,3406672,2016
Puerto Rico,3473232,2015
Puerto Rico,3534874,2014
Puerto Rico,3593077,2013
Puerto Rico,3634488,2012
Puerto Rico,3678732,2011
Puerto Rico,3721525,2010
Puerto Rico,3740410,2009
Puerto Rico,3760866,2008
Puerto Rico,3782995,2007
Puerto Rico,3805214,2006
Puerto Rico,3821362,2005
Qatar,1,2022
Qatar,1,2021
Qatar,1,2020
Qatar,1,2019
Qatar,1,2018
Qatar,1,2017
Qatar,1,2016
Qatar,1,2015
Qatar,1,2014
Qatar,1,2013
Qatar,1,2012
Qatar,1,2011
Qatar,1,2010
Qatar,1,2009
Qatar,1,2008
Qatar,1,2007
Qatar,1,2006
Qatar,1,2005
Romania,1,2022
Romania,1,2021
Romania,1,2020
Romania,1,2019
Romania,1,2018
Romania,1,2017
Romania,1,2016
Romania,1,2015
Romania,1,2014
Romania,1,2013
Romania,1,2012
Romania,1,2011
Romania,1,2010
Romania,1,2009
Romania,1,2008
Romania,1,2007
Romania,1,2006
Romania,1,2005
Russian Federation,1,2022
Russian Federation,1,2021
Russian Federation,1,2020
Russian Federation,1,2019
Russian Federation,1,2018
Russian Federation,1,2017
Russian Federation,1,2016
Russian Federation,1,2015
Russian Federation,1,2014
Russian Federation,1,2013
Russian Federation,1,2012
Russian Federation,1,2011
Russian Federation,1,2010
Russian Federation,1,2009
Russian Federation,1,2008
Russian Federation,1,2007
Russian Federation,1,2006
Russian Federation,1,2005
Samoa,1,2022
Samoa,1,2021
Samoa,1,2020
Samoa,1,2019
Samoa,1,2018
Samoa,1,2017
Samoa,1,2016
Samoa,1,2015
Samoa,1,2014
Samoa,1,2013
Samoa,1,2012
Samoa,1,2011
Samoa,1,2010
Samoa,1,2009
Samoa,1,2008
Samoa,1,2007
Samoa,1,2006
Samoa,1,2005
Sao Tome and Principe,1,2022
Sao Tome and Principe,1,2021
Sao Tome and Principe,1,2020
Sao Tome and Principe,1,2019
Sao Tome and Principe,1,2018
Sao Tome and Principe,1,2017
Sao Tome and Principe,1,2016
Sao Tome and Principe,1,2015
Sao Tome and Principe,1,2014
Sao Tome and Principe,1,2013
Sao Tome and Principe,1,2012
Sao Tome and Principe,1,2011
Sao Tome and Principe,1,2010
Sao Tome and Principe,1,2009
Sao Tome and Principe,1,2008
Sao Tome and Principe,1,2007
Sao Tome and Principe,1,2006
Sao Tome and Principe,1,2005
Saudi Arabia,1,2022
Saudi Arabia,1,2021
Saudi Arabia,1,2020
Saudi Arabia,1,2019
Saudi Arabia,1,2018
Saudi Arabia,1,2017
Saudi Arabia,1,2016
Saudi Arabia,1,2015
Saudi Arabia,1,2014
Saudi Arabia,1,2013
Saudi Arabia,1,2012
Saudi Arabia,1,2011
Saudi Arabia,1,2010
Saudi Arabia,1,2009
Saudi Arabia,1,2008
Saudi Arabia,1,2007
Saudi Arabia,1,2006
Saudi Arabia,1,2005
Senegal,1,2022
Senegal,1,2021
Senegal,1,2020
Senegal,1,2019
Senegal,1,2018
Senegal,1,2017
Senegal,1,2016
Senegal,1,2015
Senegal,1,2014
Senegal,1,2013
Senegal,1,2012
Senegal,1,2011
Senegal,1,2010
Senegal,1,2009
Senegal,1,2008
Senegal,1,2007
Senegal,1,2006
Senegal,1,2005
Seychelles,1,2022
Seychelles,1,2021
Seychelles,1,2020
Seychelles,1,2019
Seychelles,1,2018
Seychelles,1,2017
Seychelles,1,2016
Seychelles,1,2015
Seychelles,1,2014
Seychelles,1,2013
Seychelles,1,2012
Seychelles,1,2011
Seychelles,1,2010
Seychelles,1,2009
Seychelles,1,2008
Seychelles,1,2007
Seychelles,1,2006
Seychelles,1,2005
Sierra Leone,1,2022
Sierra Leone,1,2021
Sierra Leone,1,2020
Sierra Leone,1,2019
Sierra Leone,1,2018
Sierra Leone,1,2017
Sierra Leone,1,2016
Sierra Leone,1,2015
Sierra Leone,1,2014
Sierra Leone,1,2013
Sierra Leone,1,2012
Sierra Leone,1,2011
Sierra Leone,1,2010
Sierra Leone,1,2009
Sierra Leone,1,2008
Sierra Leone,1,2007
Sierra Leone,1,2006
Sierra Leone,1,2005
Singapore,1,2022
Singapore,1,2021
Singapore,1,2020
Singapore,1,2019
Singapore,1,2018
Singapore,1,2017
Singapore,1,2016
Singapore,1,2015
Singapore,1,2014
Singapore,1,2013
Singapore,1,2012
Singapore,1,2011
Singapore,1,2010
Singapore,1,2009
Singapore,1,2008
Singapore,1,2007
Singapore,1,2006
Singapore,1,2005
Sint Maarten (Dutch part),1,2022
Sint Maarten (Dutch part),1,2021
Sint Maarten (Dutch part),1,2020
Sint Maarten (Dutch part),1,2019
Sint Maarten (Dutch part),1,2018
Sint Maarten (Dutch part),1,2017
Sint Maarten (Dutch part),1,2016
Sint Maarten (Dutch part),1,2015
Sint Maarten (Dutch part),1,2014
Sint Maarten (Dutch part),1,2013
Sint Maarten (Dutch part),1,2012
Sint Maarten (Dutch part),1,2011
Sint Maarten (Dutch part),1,2010
Sint Maarten (Dutch part),1,2009
Sint Maarten (Dutch part),1,2008
Sint Maarten (Dutch part),1,2007
Sint Maarten (Dutch part),1,2006
Sint Maarten (Dutch part),1,2005
Slovenia,1,2022
Slovenia,1,2021
Slovenia,1,2020
Slovenia,1,2019
Slovenia,1,2018
Slovenia,1,2017
Slovenia,1,2016
Slovenia,1,2015
Slovenia,1,2014
Slovenia,1,2013
Slovenia,1,2012
Slovenia,1,2011
Slovenia,1,2010
Slovenia,1,2009
Slovenia,1,2008
Slovenia,1,2007
Slovenia,1,2006
Slovenia,1,2005
Solomon Islands,1,2022
Solomon Islands,1,2021
Solomon Islands,1,2020
Solomon Islands,1,2019
Solomon Islands,1,2018
Solomon Islands,1,2017
Solomon Islands,1,2016
Solomon Islands,1,2015
Solomon Islands,1,2014
Solomon Islands,1,2013
Solomon Islands,1,2012
Solomon Islands,1,2011
Solomon Islands,1,2010
Solomon Islands,1,2009
Solomon Islands,1,2008
Solomon Islands,1,2007
Solomon Islands,1,2006
Solomon Islands,1,2005
Somalia,1,2022
Somalia,1,2021
Somalia,1,2020
Somalia,1,2019
Somalia,1,2018
Somalia,1,2017
Somalia,1,2016
Somalia,1,2015
Somalia,1,2014
Somalia,1,2013
Somalia,1,2012
Somalia,1,2011
Somalia,1,2010
Somalia,1,2009
Somalia,1,2008
Somalia,1,2007
Somalia,1,2006
Somalia,1,2005
South Africa,1,2022
South Africa,1,2021
South Africa,1,2020
South Africa,1,2019
South Africa,1,2018
South Africa,1,2017
South Africa,1,2016
South Africa,1,2015
South Africa,1,2014
South Africa,1,2013
South Africa,1,2012
South Africa,1,2011
South Africa,1,2010
South Africa,1,2009
South Africa,1,2008
South Africa,1,2007
South Africa,1,2006
South Africa,1,2005
Spain,1,2022
Spain,1,2021
Spain,1,2020
Spain,1,2019
Spain,1,2018
Spain,1,2017
Spain,1,2016
Spain,1,2015
Spain,1,2014
Spain,1,2013
Spain,1,2012
Spain,1,2011
Spain,1,2010
Spain,1,2009
Spain,1,2008
Spain,1,2007
Spain,1,2006
Spain,1,2005
Sri Lanka,1,2022
Sri Lanka,1,2021
Sri Lanka,1,2020
Sri Lanka,1,2019
Sri Lanka,1,2018
Sri Lanka,1,2017
Sri Lanka,1,2016
Sri Lanka,1,2015
Sri Lanka,1,2014
Sri Lanka,1,2013
Sri Lanka,1,2012
Sri Lanka,1,2011
Sri Lanka,1,2010
Sri Lanka,1,2009
Sri Lanka,1,2008
Sri Lanka,1,2007
Sri Lanka,1,2006
Sri Lanka,1,2005
St. Kitts and Nevis,1,2022
St. Kitts and Nevis,1,2021
St. Kitts and Nevis,1,2020
St. Kitts and Nevis,1,2019
St. Kitts and Nevis,1,2018
St. Kitts and Nevis,1,2017
St. Kitts and Nevis,1,2016
St. Kitts and Nevis,1,2015
St. Kitts and Nevis,1,2014
St. Kitts and Nevis,1,2013
St. Kitts and Nevis,1,2012
St. Kitts and Nevis,1,2011
St. Kitts and Nevis,1,2010
St. Kitts and Nevis,1,2009
St. Kitts and Nevis,1,2008
St. Kitts and Nevis,1,2007
St. Kitts and Nevis,1,2006
St. Kitts and Nevis,1,2005
St. Lucia,1,2022
St. Lucia,1,2021
St. Lucia,1,2020
St. Lucia,1,2019
St. Lucia,1,2018
St. Lucia,1,2017
St. Lucia,1,2016
St. Lucia,1,2015
St. Lucia,1,2014
St. Lucia,1,2013
St. Lucia,1,2012
St. Lucia,1,2011
St. Lucia,1,2010
St. Lucia,1,2009
St. Lucia,1,2008
St. Lucia,1,2007
St. Lucia,1,2006
St. Lucia,1,2005
St. Vincent and the Grenadines,1,2022
St. Vincent and the Grenadines,1,2021
St. Vincent and the Grenadines,1,2020
St. Vincent and the Grenadines,1,2019
St. Vincent and the Grenadines,1,2018
St. Vincent and the Grenadines,1,2017
St. Vincent and the Grenadines,1,2016
St. Vincent and the Grenadines,1,2015
St. Vincent and the Grenadines,1,2014
St. Vincent and the Grenadines,1,2013
St. Vincent and the Grenadines,1,2012
St. Vincent and the Grenadines,1,2011
St. Vincent and the Grenadines,1,2010
St. Vincent and the Grenadines,1,2009
St. Vincent and the Grenadines,1,2008
St. Vincent and the Grenadines,1,2007
St. Vincent and the Grenadines,1,2006
St. Vincent and the Grenadines,1,2005
Sudan,1,2022
Sudan,1,2021
Sudan,1,2020
Sudan,1,2019
Sudan,1,2018
Sudan,1,2017
Sudan,1,2016
Sudan,1,2015
Sudan,1,2014
Sudan,1,2013
Sudan,1,2012
Sudan,1,2011
Sudan,1,2010
Sudan,1,2009
Sudan,1,2008
Sudan,1,2007
Sudan,1,2006
Sudan,1,2005
Suriname,1,2022
Suriname,1,2021
Suriname,1,2020
Suriname,1,2019
Suriname,1,2018
Suriname,1,2017
Suriname,1,2016
Suriname,1,2015
Suriname,1,2014
Suriname,1,2013
Suriname,1,2012
Suriname,1,2011
Suriname,1,2010
Suriname,1,2009
Suriname,1,2008
Suriname,1,2007
Suriname,1,2006
Suriname,1,2005
Sweden,1,2022
Sweden,1,2021
Sweden,1,2020
Sweden,1,2019
Sweden,1,2018
Sweden,1,2017
Sweden,1,2016
Sweden,1,2015
Sweden,1,2014
Sweden,1,2013
Sweden,1,2012
Sweden,1,2011
Sweden,1,2010
Sweden,1,2009
Sweden,1,2008
Sweden,1,2007
Sweden,1,2006
Sweden,1,2005
Tanzania,1,2022
Tanzania,1,2021
Tanzania,1,2020
Tanzania,1,2019
Tanzania,1,2018
Tanzania,1,2017
Tanzania,1,2016
Tanzania,1,2015
Tanzania,1,2014
Tanzania,1,2013
Tanzania,1,2012
Tanzania,1,2011
Tanzania,1,2010
Tanzania,1,2009
Tanzania,1,2008
Tanzania,1,2007
Tanzania,1,2006
Tanzania,1,2005
Thailand,1,2022
Thailand,1,2021
Thailand,1,2020
Thailand,1,2019
Thailand,1,2018
Thailand,1,2017
Thailand,1,2016
Thailand,1,2015
Thailand,1,2014
Thailand,1,2013
Thailand,1,2012
Thailand,1,2011
Thailand,1,2010
Thailand,1,2009
Thailand,1,2008
Thailand,1,2007
Thailand,1,2006
Thailand,1,2005
Timor-Leste,1,2022
Timor-Leste,1,2021
Timor-Leste,1,2020
Timor-Leste,1,2019
Timor-Leste,1,2018
Timor-Leste,1,2017
Timor-Leste,1,2016
Timor-Leste,1,2015
Timor-Leste,1,2014
Timor-Leste,1,2013
Timor-Leste,1,2012
Timor-Leste,1,2011
Timor-Leste,1,2010
Timor-Leste,1,2009
Timor-Leste,1,2008
Timor-Leste,1,2007
Timor-Leste,1,2006
Timor-Leste,1,2005
Togo,1,2022
Togo,1,2021
Togo,1,2020
Togo,1,2019
Togo,1,2018
Togo,1,2017
Togo,1,2016
Togo,1,2015
Togo,1,2014
Togo,1,2013
Togo,1,2012
Togo,1,2011
Togo,1,2010
Togo,1,2009
Togo,1,2008
Togo,1,2007
Togo,1,2006
Togo,1,2005
Tonga,1,2022
Tonga,1,2021
Tonga,1,2020
Tonga,1,2019
Tonga,1,2018
Tonga,1,2017
Tonga,1,2016
Tonga,1,2015
Tonga,1,2014
Tonga,1,2013
Tonga,1,2012
Tonga,1,2011
Tonga,1,2010
Tonga,1,2009
Tonga,1,2008
Tonga,1,2007
Tonga,1,2006
Tonga,1,2005
Trinidad and Tobago,1,2022
Trinidad and Tobago,1,2021
Trinidad and Tobago,1,2020
Trinidad and Tobago,1,2019
Trinidad and Tobago,1,2018
Trinidad and Tobago,1,2017
Trinidad and Tobago,1,2016
Trinidad and Tobago,1,2015
Trinidad and Tobago,1,2014
Trinidad and Tobago,1,2013
Trinidad and Tobago,1,2012
Trinidad and Tobago,1,2011
Trinidad and Tobago,1,2010
Trinidad and Tobago,1,2009
Trinidad and Tobago,1,2008
Trinidad and Tobago,1,2007
Trinidad and Tobago,1,2006
Trinidad and Tobago,1,2005
Tunisia,1,2022
Tunisia,1,2021
Tunisia,1,2020
Tunisia,1,2019
Tunisia,1,2018
Tunisia,1,2017
Tunisia,1,2016
Tunisia,1,2015
Tunisia,1,2014
Tunisia,1,2013
Tunisia,1,2012
Tunisia,1,2011
Tunisia,1,2010
Tunisia,1,2009
Tunisia,1,2008
Tunisia,1,2007
Tunisia,1,2006
Tunisia,1,2005
Turkey,1,2022
Turkey,1,2021
Turkey,1,2020
Turkey,1,2019
Turkey,1,2018
Turkey,1,2017
Turkey,1,2016
Turkey,1,2015
Turkey,1,2014
Turkey,1,2013
Turkey,1,2012
Turkey,1,2011
Turkey,1,2010
Turkey,1,2009
Turkey,1,2008
Turkey,1,2007
Turkey,1,2006
Turkey,1,2005
Turks and Caicos Islands,1,2022
Turks and Caicos Islands,1,2021
Turks and Caicos Islands,1,2020
Turks and Caicos Islands,1,2019
Turks and Caicos Islands,1,2018
Turks and Caicos Islands,1,2017
Turks and Caicos Islands,1,2016
Turks and Caicos Islands,1,2015
Turks and Caicos Islands,1,2014
Turks and Caicos Islands,1,2013
Turks and Caicos Islands,1,2012
Turks and Caicos Islands,1,2011
Turks and Caicos Islands,1,2010
Turks and Caicos Islands,1,2009
Turks and Caicos Islands,1,2008
Turks and Caicos Islands,1,2007
Turks and Caicos Islands,1,2006
Turks and Caicos Islands,1,2005
Tuvalu,1,2022
Tuvalu,1,2021
Tuvalu,1,2020
Tuvalu,1,2019
Tuvalu,1,2018
Tuvalu,1,2017
Tuvalu,1,2016
Tuvalu,1,2015
Tuvalu,1,2014
Tuvalu,1,2013
Tuvalu,1,2012
Tuvalu,1,2011
Tuvalu,1,2010
Tuvalu,1,2009
Tuvalu,1,2008
Tuvalu,1,2007
Tuvalu,1,2006
Tuvalu,1,2005
Ukraine,1,2022
Ukraine,1,2021
Ukraine,1,2020
Ukraine,1,2019
Ukraine,1,2018
Ukraine,1,2017
Ukraine,1,2016
Ukraine,1,2015
Ukraine,1,2014
Ukraine,1,2013
Ukraine,1,2012
Ukraine,1,2011
Ukraine,1,2010
Ukraine,1,2009
Ukraine,1,2008
Ukraine,1,2007
Ukraine,1,2006
Ukraine,1,2005
United Arab Emirates,1,2022
United Arab Emirates,1,2021
United Arab Emirates,1,2020
United Arab Emirates,1,2019
United Arab Emirates,1,2018
United Arab Emirates,1,2017
United Arab Emirates,1,2016
United Arab Emirates,1,2015
United Arab Emirates,1,2014
United Arab Emirates,1,2013
United Arab Emirates,1,2012
United Arab Emirates,1,2011
United Arab Emirates,1,2010
United Arab Emirates,1,2009
United Arab Emirates,1,2008
United Arab Emirates,1,2007
United Arab Emirates,1,2006
United Arab Emirates,1,2005
United Kingdom,1,2022
United Kingdom,1,2021
United Kingdom,1,2020
United Kingdom,1,2019
United Kingdom,1,2018
United Kingdom,1,2017
United Kingdom,1,2016
United Kingdom,1,2015
United Kingdom,1,2014
United Kingdom,1,2013
United Kingdom,1,2012
United Kingdom,1,2011
United Kingdom,1,2010
United Kingdom,1,2009
United Kingdom,1,2008
United Kingdom,1,2007
United Kingdom,1,2006
United Kingdom,1,2005
United States,1,2022
United States,1,2021
United States,1,2020
United States,1,2019
United States,1,2018
United States,1,2017
United States,1,2016
United States,1,2015
United States,1,2014
United States,1,2013
United States,1,2012
United States,1,2011
United States,1,2010
United States,1,2009
United States,1,2008
United States,1,2007
United States,1,2006
United States,1,2005
Uruguay,1,2022
Uruguay,1,2021
Uruguay,1,2020
Uruguay,1,2019
Uruguay,1,2018
Uruguay,1,2017
Uruguay,1,2016
Uruguay,1,2015
Uruguay,1,2014
Uruguay,1,2013
Uruguay,1,2012
Uruguay,1,2011
Uruguay,1,2010
Uruguay,1,2009
Uruguay,1,2008
Uruguay,1,2007
Uruguay,1,2006
Uruguay,1,2005
Vanuatu,1,2022
Vanuatu,1,2021
Vanuatu,1,2020
Vanuatu,1,2019
Vanuatu,1,2018
Vanuatu,1,2017
Vanuatu,1,2016
Vanuatu,1,2015
Vanuatu,1,2014
Vanuatu,1,2013
Vanuatu,1,2012
Vanuatu,1,2011
Vanuatu,1,2010
Vanuatu,1,2009
Vanuatu,1,2008
Vanuatu,1,2007
Vanuatu,1,2006
Vanuatu,1,2005
Vietnam,1,2022
Vietnam,1,2021
Vietnam,1,2020
Vietnam,1,2019
Vietnam,1,2018
Vietnam,1,2017
Vietnam,1,2016
Vietnam,1,2015
Vietnam,1,2014
Vietnam,1,2013
Vietnam,1,2012
Vietnam,1,2011
Vietnam,1,2010
Vietnam,1,2009
Vietnam,1,2008
Vietnam,1,2007
Vietnam,1,2006
Vietnam,1,2005
