iucn_sid,iucn_rgn,pop_trend,iucn_version
224,europe,decreasing,2020-1
225,europe,decreasing,2020-1
229,europe,decreasing,2020-1
230,europe,decreasing,2020-1
232,europe,decreasing,2020-1
235,europe,decreasing,2020-1
907,europe,decreasing,2020-1
2352,mediterranean,stable,2020-1
2352,europe,unknown,2020-1
2467,europe,unknown,2020-1
2474,europe,unknown,2020-1
2475,europe,unknown,2020-1
2477,europe,unknown,2020-1
2478,mediterranean,decreasing,2020-1
2478,europe,unknown,2020-1
2539,europe,unknown,2020-1
3851,mediterranean,unknown,2020-1
3851,europe,unknown,2020-1
3852,mediterranean,unknown,2020-1
3852,europe,unknown,2020-1
3853,mediterranean,decreasing,2020-1
3853,europe,decreasing,2020-1
3854,mediterranean,decreasing,2020-1
3854,europe,decreasing,2020-1
3855,mediterranean,decreasing,2020-1
3855,europe,decreasing,2020-1
4292,mediterranean,decreasing,2020-1
4292,europe,stable,2020-1
5675,pan-africa,unknown,2020-1
5675,southern_africa,unknown,2020-1
6204,europe,unknown,2020-1
6229,mediterranean,decreasing,2020-1
6229,europe,decreasing,2020-1
6335,europe,unknown,2020-1
6336,mediterranean,decreasing,2020-1
6336,europe,unknown,2020-1
7135,eastern_africa,unknown,2020-1
7135,pan-africa,unknown,2020-1
7135,southern_africa,unknown,2020-1
7859,mediterranean,decreasing,2020-1
7859,europe,decreasing,2020-1
8010,europe,unknown,2020-1
8097,europe,NA,2020-1
8262,mediterranean,decreasing,2020-1
8784,europe,increasing,2020-1
8951,europe,unknown,2020-1
9250,mediterranean,unknown,2020-1
9250,europe,unknown,2020-1
9266,eastern_africa,unknown,2020-1
9266,pan-africa,unknown,2020-1
9461,mediterranean,unknown,2020-1
9461,europe,unknown,2020-1
9660,europe,increasing,2020-1
10030,mediterranean,stable,2020-1
10030,europe,stable,2020-1
10066,europe,unknown,2020-1
10069,mediterranean,decreasing,2020-1
10069,europe,unknown,2020-1
10097,europe,stable,2020-1
10269,europe,decreasing,2020-1
10707,europe,unknown,2020-1
11030,mediterranean,unknown,2020-1
11030,europe,unknown,2020-1
11047,europe,unknown,2020-1
11048,europe,unknown,2020-1
11140,europe,unknown,2020-1
11141,europe,stable,2020-1
11142,europe,stable,2020-1
11200,mediterranean,decreasing,2020-1
11200,europe,decreasing,2020-1
12419,mediterranean,decreasing,2020-1
12419,europe,unknown,2020-1
13006,europe,increasing,2020-1
13045,europe,unknown,2020-1
13232,mediterranean,unknown,2020-1
13232,europe,unknown,2020-1
13241,europe,unknown,2020-1
13244,europe,unknown,2020-1
13245,europe,unknown,2020-1
13250,europe,unknown,2020-1
13653,mediterranean,decreasing,2020-1
13653,europe,unknown,2020-1
13704,europe,unknown,2020-1
14054,mediterranean,unknown,2020-1
14054,europe,unknown,2020-1
14264,pan-africa,decreasing,2020-1
14264,southern_africa,decreasing,2020-1
15106,europe,unknown,2020-1
15421,europe,unknown,2020-1
15873,mediterranean,stable,2020-1
15873,europe,unknown,2020-1
16012,eastern_africa,unknown,2020-1
16564,europe,unknown,2020-1
16781,europe,unknown,2020-1
17013,europe,unknown,2020-1
17027,europe,decreasing,2020-1
18175,central_africa,unknown,2020-1
18175,mediterranean,decreasing,2020-1
18175,europe,decreasing,2020-1
18376,europe,unknown,2020-1
18596,europe,unknown,2020-1
18878,europe,unknown,2020-1
19387,pan-africa,unknown,2020-1
19855,europe,decreasing,2020-1
20731,mediterranean,unknown,2020-1
20731,europe,unknown,2020-1
20738,europe,unknown,2020-1
21257,mediterranean,unknown,2020-1
21257,europe,unknown,2020-1
21856,mediterranean,stable,2020-1
21856,europe,decreasing,2020-1
21860,mediterranean,decreasing,2020-1
21860,europe,decreasing,2020-1
21860,europe,decreasing,2020-1
22563,mediterranean,decreasing,2020-1
22563,europe,decreasing,2020-1
22823,europe,decreasing,2020-1
23148,mediterranean,decreasing,2020-1
23148,europe,decreasing,2020-1
23211,mediterranean,unknown,2020-1
23211,europe,unknown,2020-1
23259,mediterranean,unknown,2020-1
23259,europe,stable,2020-1
39332,mediterranean,decreasing,2020-1
39332,europe,decreasing,2020-1
39336,europe,unknown,2020-1
39339,mediterranean,decreasing,2020-1
39339,europe,decreasing,2020-1
39341,mediterranean,decreasing,2020-1
39341,europe,unknown,2020-1
39352,mediterranean,decreasing,2020-1
39352,europe,decreasing,2020-1
39357,mediterranean,decreasing,2020-1
39357,europe,stable,2020-1
39358,mediterranean,decreasing,2020-1
39358,europe,decreasing,2020-1
39370,europe,unknown,2020-1
39374,europe,decreasing,2020-1
39378,europe,unknown,2020-1
39381,mediterranean,decreasing,2020-1
39381,europe,decreasing,2020-1
39385,europe,decreasing,2020-1
39386,europe,decreasing,2020-1
39388,mediterranean,decreasing,2020-1
39388,europe,decreasing,2020-1
39397,mediterranean,decreasing,2020-1
39397,europe,decreasing,2020-1
39399,mediterranean,decreasing,2020-1
39399,europe,stable,2020-1
39400,europe,stable,2020-1
40710,europe,unknown,2020-1
41006,mediterranean,decreasing,2020-1
41006,europe,unknown,2020-1
41671,europe,unknown,2020-1
41672,europe,increasing,2020-1
41712,europe,unknown,2020-1
41741,mediterranean,unknown,2020-1
41741,europe,unknown,2020-1
41745,europe,decreasing,2020-1
41747,mediterranean,stable,2020-1
41747,europe,decreasing,2020-1
41755,mediterranean,decreasing,2020-1
41755,europe,unknown,2020-1
41762,mediterranean,decreasing,2020-1
41794,europe,unknown,2020-1
41798,europe,increasing,2020-1
41801,mediterranean,decreasing,2020-1
41801,europe,decreasing,2020-1
41823,mediterranean,unknown,2020-1
41823,europe,unknown,2020-1
41830,europe,stable,2020-1
41859,mediterranean,unknown,2020-1
41859,europe,unknown,2020-1
41871,europe,decreasing,2020-1
41876,mediterranean,decreasing,2020-1
41876,europe,decreasing,2020-1
42700,europe,unknown,2020-1
43972,mediterranean,unknown,2020-1
43972,europe,decreasing,2020-1
44207,europe,unknown,2020-1
44216,europe,unknown,2020-1
44565,europe,stable,2020-1
44566,europe,unknown,2020-1
44599,europe,unknown,2020-1
44657,europe,unknown,2020-1
46864,europe,stable,2020-1
60127,mediterranean,decreasing,2020-1
60127,europe,decreasing,2020-1
60139,europe,unknown,2020-1
60140,europe,stable,2020-1
60145,europe,unknown,2020-1
60212,europe,stable,2020-1
60213,europe,decreasing,2020-1
60214,europe,unknown,2020-1
60215,europe,unknown,2020-1
60225,mediterranean,unknown,2020-1
60225,europe,unknown,2020-1
60242,europe,stable,2020-1
60344,northern_africa,decreasing,2020-1
60344,europe,decreasing,2020-1
60447,pan-africa,unknown,2020-1
60447,southern_africa,unknown,2020-1
61213,pan-africa,unknown,2020-1
61405,mediterranean,decreasing,2020-1
61405,europe,decreasing,2020-1
61408,mediterranean,decreasing,2020-1
61408,europe,decreasing,2020-1
61417,mediterranean,decreasing,2020-1
61417,europe,decreasing,2020-1
61418,mediterranean,decreasing,2020-1
61418,europe,decreasing,2020-1
62256,europe,unknown,2020-1
63100,mediterranean,decreasing,2020-1
63100,europe,decreasing,2020-1
63103,europe,stable,2020-1
63104,europe,stable,2020-1
63114,mediterranean,unknown,2020-1
63114,europe,unknown,2020-1
63115,europe,unknown,2020-1
63119,europe,unknown,2020-1
63120,mediterranean,decreasing,2020-1
63120,europe,decreasing,2020-1
63123,europe,unknown,2020-1
63125,europe,stable,2020-1
63126,europe,stable,2020-1
63127,europe,unknown,2020-1
63131,mediterranean,decreasing,2020-1
63131,europe,decreasing,2020-1
63141,mediterranean,decreasing,2020-1
63141,europe,decreasing,2020-1
63146,mediterranean,stable,2020-1
63146,europe,stable,2020-1
63149,mediterranean,decreasing,2020-1
63149,europe,decreasing,2020-1
63152,mediterranean,decreasing,2020-1
63152,europe,decreasing,2020-1
63153,mediterranean,decreasing,2020-1
63153,europe,decreasing,2020-1
63442,pan-africa,unknown,2020-1
63442,southern_africa,unknown,2020-1
64409,europe,decreasing,2020-1
132722,mediterranean,decreasing,2020-1
132722,europe,decreasing,2020-1
132762,mediterranean,unknown,2020-1
132762,europe,unknown,2020-1
132796,mediterranean,unknown,2020-1
132796,europe,unknown,2020-1
132828,mediterranean,unknown,2020-1
132828,europe,unknown,2020-1
133085,mediterranean,stable,2020-1
133135,mediterranean,stable,2020-1
133142,mediterranean,decreasing,2020-1
133511,mediterranean,increasing,2020-1
135509,europe,unknown,2020-1
135525,mediterranean,decreasing,2020-1
135525,europe,unknown,2020-1
135526,europe,unknown,2020-1
135548,europe,unknown,2020-1
135567,eastern_africa,unknown,2020-1
135567,western_africa,unknown,2020-1
135567,mediterranean,stable,2020-1
135567,europe,unknown,2020-1
135574,europe,unknown,2020-1
135579,mediterranean,stable,2020-1
135579,europe,unknown,2020-1
135606,mediterranean,decreasing,2020-1
135606,europe,decreasing,2020-1
135608,europe,unknown,2020-1
135612,europe,unknown,2020-1
135622,europe,unknown,2020-1
135644,europe,unknown,2020-1
135654,europe,unknown,2020-1
135656,europe,unknown,2020-1
135681,mediterranean,stable,2020-1
135681,europe,unknown,2020-1
135682,europe,unknown,2020-1
135689,western_africa,unknown,2020-1
135689,mediterranean,stable,2020-1
135689,europe,unknown,2020-1
135690,mediterranean,decreasing,2020-1
135690,europe,increasing,2020-1
135707,europe,unknown,2020-1
135714,mediterranean,stable,2020-1
135714,europe,unknown,2020-1
135717,mediterranean,decreasing,2020-1
135717,europe,unknown,2020-1
135719,europe,unknown,2020-1
153534,mediterranean,decreasing,2020-1
153534,mediterranean,decreasing,2020-1
153535,mediterranean,stable,2020-1
153538,mediterranean,decreasing,2020-1
154613,europe,unknown,2020-1
154644,europe,unknown,2020-1
154647,mediterranean,unknown,2020-1
154668,europe,unknown,2020-1
154687,mediterranean,unknown,2020-1
154687,europe,unknown,2020-1
154708,mediterranean,unknown,2020-1
154708,europe,decreasing,2020-1
154712,mediterranean,unknown,2020-1
154712,europe,stable,2020-1
154729,mediterranean,unknown,2020-1
154729,europe,stable,2020-1
154753,mediterranean,unknown,2020-1
154753,europe,unknown,2020-1
154798,europe,unknown,2020-1
154801,europe,unknown,2020-1
154807,mediterranean,stable,2020-1
154807,europe,increasing,2020-1
154816,europe,decreasing,2020-1
154820,mediterranean,unknown,2020-1
154820,europe,unknown,2020-1
154838,europe,unknown,2020-1
154844,europe,unknown,2020-1
154855,eastern_africa,unknown,2020-1
154855,pan-africa,unknown,2020-1
154880,europe,unknown,2020-1
154916,europe,unknown,2020-1
154929,mediterranean,unknown,2020-1
154929,europe,unknown,2020-1
154972,europe,stable,2020-1
154981,europe,unknown,2020-1
154995,mediterranean,unknown,2020-1
154995,europe,stable,2020-1
154997,europe,unknown,2020-1
154998,mediterranean,unknown,2020-1
154998,europe,unknown,2020-1
155013,europe,stable,2020-1
155030,mediterranean,unknown,2020-1
155030,europe,decreasing,2020-1
155044,mediterranean,unknown,2020-1
155044,europe,unknown,2020-1
155068,mediterranean,unknown,2020-1
155068,europe,stable,2020-1
155075,europe,unknown,2020-1
155081,europe,unknown,2020-1
155093,europe,unknown,2020-1
155096,mediterranean,stable,2020-1
155096,europe,stable,2020-1
155104,europe,unknown,2020-1
155106,europe,unknown,2020-1
155123,europe,increasing,2020-1
155125,europe,unknown,2020-1
155132,europe,unknown,2020-1
155169,europe,unknown,2020-1
155182,mediterranean,unknown,2020-1
155182,europe,unknown,2020-1
155189,europe,unknown,2020-1
155190,europe,unknown,2020-1
155201,eastern_africa,unknown,2020-1
155204,europe,unknown,2020-1
155213,mediterranean,unknown,2020-1
155213,europe,unknown,2020-1
155214,mediterranean,unknown,2020-1
155214,europe,stable,2020-1
155215,mediterranean,unknown,2020-1
155215,europe,unknown,2020-1
155225,mediterranean,unknown,2020-1
155225,europe,unknown,2020-1
155226,europe,unknown,2020-1
155227,europe,unknown,2020-1
155246,europe,stable,2020-1
155282,mediterranean,unknown,2020-1
155282,europe,stable,2020-1
155318,mediterranean,unknown,2020-1
155318,europe,unknown,2020-1
155474,europe,unknown,2020-1
155535,mediterranean,unknown,2020-1
155552,mediterranean,unknown,2020-1
155552,europe,unknown,2020-1
155597,mediterranean,unknown,2020-1
155597,europe,unknown,2020-1
155610,europe,unknown,2020-1
155630,europe,unknown,2020-1
155835,europe,stable,2020-1
155843,mediterranean,unknown,2020-1
155843,europe,unknown,2020-1
155980,mediterranean,increasing,2020-1
155980,europe,increasing,2020-1
156018,mediterranean,unknown,2020-1
156018,europe,unknown,2020-1
161328,mediterranean,stable,2020-1
161328,europe,stable,2020-1
161339,mediterranean,decreasing,2020-1
161339,europe,decreasing,2020-1
161345,europe,stable,2020-1
161352,mediterranean,unknown,2020-1
161352,europe,unknown,2020-1
161361,europe,unknown,2020-1
161366,europe,stable,2020-1
161371,europe,unknown,2020-1
161377,europe,stable,2020-1
161383,europe,unknown,2020-1
161388,mediterranean,stable,2020-1
161388,europe,stable,2020-1
161397,mediterranean,decreasing,2020-1
161397,europe,decreasing,2020-1
161398,mediterranean,stable,2020-1
161398,europe,stable,2020-1
161399,mediterranean,increasing,2020-1
161399,europe,increasing,2020-1
161425,mediterranean,decreasing,2020-1
161425,europe,unknown,2020-1
161432,mediterranean,unknown,2020-1
161432,europe,unknown,2020-1
161442,europe,decreasing,2020-1
161443,europe,unknown,2020-1
161453,mediterranean,decreasing,2020-1
161453,europe,decreasing,2020-1
161459,europe,decreasing,2020-1
161461,mediterranean,decreasing,2020-1
161461,europe,decreasing,2020-1
161463,mediterranean,decreasing,2020-1
161463,europe,decreasing,2020-1
161464,mediterranean,decreasing,2020-1
161464,europe,decreasing,2020-1
161475,europe,unknown,2020-1
161484,mediterranean,decreasing,2020-1
161484,europe,decreasing,2020-1
161485,mediterranean,decreasing,2020-1
161485,europe,decreasing,2020-1
161491,europe,stable,2020-1
161513,mediterranean,unknown,2020-1
161513,europe,unknown,2020-1
161521,europe,stable,2020-1
161536,mediterranean,unknown,2020-1
161536,europe,unknown,2020-1
161542,europe,stable,2020-1
161549,europe,unknown,2020-1
161551,europe,unknown,2020-1
161564,mediterranean,unknown,2020-1
161564,europe,unknown,2020-1
161569,mediterranean,decreasing,2020-1
161569,europe,decreasing,2020-1
161580,mediterranean,stable,2020-1
161580,europe,stable,2020-1
161583,europe,unknown,2020-1
161587,europe,stable,2020-1
161622,europe,stable,2020-1
161626,mediterranean,decreasing,2020-1
161626,europe,unknown,2020-1
161666,europe,stable,2020-1
161673,mediterranean,unknown,2020-1
161673,europe,unknown,2020-1
161691,mediterranean,decreasing,2020-1
161691,europe,decreasing,2020-1
161696,mediterranean,decreasing,2020-1
161696,europe,decreasing,2020-1
161705,europe,stable,2020-1
161717,europe,increasing,2020-1
161729,europe,decreasing,2020-1
161731,mediterranean,unknown,2020-1
161731,europe,unknown,2020-1
161748,mediterranean,unknown,2020-1
161748,europe,unknown,2020-1
164280,pan-africa,unknown,2020-1
164280,europe,stable,2020-1
164508,pan-africa,decreasing,2020-1
164508,mediterranean,decreasing,2020-1
164508,europe,stable,2020-1
164513,pan-africa,stable,2020-1
164513,mediterranean,stable,2020-1
165811,pan-africa,unknown,2020-1
165811,southern_africa,unknown,2020-1
166077,eastern_africa,unknown,2020-1
166077,pan-africa,unknown,2020-1
166077,southern_africa,unknown,2020-1
166189,pan-africa,NA,2020-1
166189,southern_africa,unknown,2020-1
166533,eastern_africa,unknown,2020-1
166533,pan-africa,unknown,2020-1
166533,southern_africa,unknown,2020-1
166552,eastern_africa,unknown,2020-1
166552,pan-africa,unknown,2020-1
166856,eastern_africa,unknown,2020-1
166856,pan-africa,unknown,2020-1
166868,eastern_africa,unknown,2020-1
166868,pan-africa,unknown,2020-1
166892,eastern_africa,unknown,2020-1
166925,northern_africa,unknown,2020-1
167997,western_africa,unknown,2020-1
167997,central_africa,unknown,2020-1
167997,pan-africa,unknown,2020-1
167997,southern_africa,unknown,2020-1
168000,western_africa,unknown,2020-1
168000,central_africa,unknown,2020-1
168000,pan-africa,decreasing,2020-1
169361,eastern_africa,unknown,2020-1
169361,southern_africa,unknown,2020-1
170155,europe,stable,2020-1
170159,mediterranean,unknown,2020-1
170159,europe,unknown,2020-1
170160,mediterranean,stable,2020-1
170160,europe,stable,2020-1
170162,europe,unknown,2020-1
170166,mediterranean,unknown,2020-1
170166,europe,unknown,2020-1
170169,mediterranean,stable,2020-1
170169,europe,stable,2020-1
170186,mediterranean,unknown,2020-1
170186,europe,unknown,2020-1
170197,mediterranean,decreasing,2020-1
170197,europe,unknown,2020-1
170220,mediterranean,unknown,2020-1
170220,europe,unknown,2020-1
170222,europe,unknown,2020-1
170224,mediterranean,stable,2020-1
170224,europe,unknown,2020-1
170229,mediterranean,stable,2020-1
170229,europe,unknown,2020-1
170232,mediterranean,unknown,2020-1
170232,europe,unknown,2020-1
170244,mediterranean,stable,2020-1
170244,europe,decreasing,2020-1
170245,mediterranean,decreasing,2020-1
170245,europe,decreasing,2020-1
170251,mediterranean,stable,2020-1
170251,europe,stable,2020-1
170253,mediterranean,stable,2020-1
170253,europe,stable,2020-1
170258,mediterranean,stable,2020-1
170258,europe,unknown,2020-1
170260,mediterranean,stable,2020-1
170260,europe,stable,2020-1
170261,mediterranean,stable,2020-1
170261,europe,unknown,2020-1
170262,mediterranean,stable,2020-1
170262,europe,unknown,2020-1
170280,mediterranean,decreasing,2020-1
170280,europe,unknown,2020-1
170283,mediterranean,decreasing,2020-1
170283,europe,unknown,2020-1
170284,mediterranean,unknown,2020-1
170284,europe,unknown,2020-1
170310,mediterranean,stable,2020-1
170310,europe,stable,2020-1
170319,mediterranean,stable,2020-1
170319,europe,decreasing,2020-1
170322,mediterranean,unknown,2020-1
170326,mediterranean,unknown,2020-1
170326,europe,unknown,2020-1
170331,mediterranean,increasing,2020-1
170331,europe,stable,2020-1
170333,europe,unknown,2020-1
170334,mediterranean,stable,2020-1
170334,europe,stable,2020-1
170344,mediterranean,stable,2020-1
170345,mediterranean,stable,2020-1
170345,europe,stable,2020-1
170350,mediterranean,unknown,2020-1
170350,europe,stable,2020-1
170354,mediterranean,increasing,2020-1
170354,europe,increasing,2020-1
170355,mediterranean,stable,2020-1
170355,europe,stable,2020-1
170357,mediterranean,decreasing,2020-1
170357,europe,unknown,2020-1
170600,europe,unknown,2020-1
170603,europe,stable,2020-1
170605,europe,unknown,2020-1
172016,europe,unknown,2020-1
173361,mediterranean,decreasing,2020-1
178023,europe,increasing,2020-1
179034,europe,stable,2020-1
181000,pan-africa,unknown,2020-1
181000,southern_africa,unknown,2020-1
181550,northern_africa,unknown,2020-1
181550,central_africa,unknown,2020-1
181550,pan-africa,unknown,2020-1
181577,western_africa,unknown,2020-1
181577,central_africa,unknown,2020-1
181577,pan-africa,unknown,2020-1
181577,southern_africa,unknown,2020-1
181797,western_africa,unknown,2020-1
181797,central_africa,unknown,2020-1
181797,pan-africa,unknown,2020-1
181933,western_africa,unknown,2020-1
181933,central_africa,unknown,2020-1
181933,pan-africa,unknown,2020-1
181984,western_africa,unknown,2020-1
181984,pan-africa,unknown,2020-1
182223,western_africa,unknown,2020-1
182223,northern_africa,unknown,2020-1
182223,central_africa,unknown,2020-1
182223,pan-africa,unknown,2020-1
182223,southern_africa,unknown,2020-1
182239,western_africa,unknown,2020-1
182239,central_africa,unknown,2020-1
182239,pan-africa,unknown,2020-1
182239,southern_africa,unknown,2020-1
182285,western_africa,unknown,2020-1
182285,central_africa,unknown,2020-1
182285,pan-africa,unknown,2020-1
182330,western_africa,unknown,2020-1
182330,central_africa,unknown,2020-1
182330,pan-africa,unknown,2020-1
182363,western_africa,unknown,2020-1
182363,central_africa,unknown,2020-1
182363,pan-africa,unknown,2020-1
182498,central_africa,unknown,2020-1
182498,pan-africa,unknown,2020-1
182549,central_africa,unknown,2020-1
182549,pan-africa,unknown,2020-1
182611,western_africa,unknown,2020-1
182611,central_africa,unknown,2020-1
182611,pan-africa,unknown,2020-1
182712,central_africa,unknown,2020-1
182712,pan-africa,unknown,2020-1
182779,western_africa,decreasing,2020-1
182779,pan-africa,decreasing,2020-1
182933,western_africa,unknown,2020-1
182933,pan-africa,unknown,2020-1
183097,western_africa,unknown,2020-1
183097,central_africa,unknown,2020-1
183097,pan-africa,unknown,2020-1
183097,southern_africa,unknown,2020-1
183152,eastern_africa,unknown,2020-1
183152,pan-africa,unknown,2020-1
183152,southern_africa,unknown,2020-1
183153,central_africa,unknown,2020-1
183153,pan-africa,unknown,2020-1
183155,eastern_africa,unknown,2020-1
183155,pan-africa,unknown,2020-1
183155,southern_africa,unknown,2020-1
183158,eastern_africa,unknown,2020-1
183158,pan-africa,unknown,2020-1
183160,eastern_africa,unknown,2020-1
183160,pan-africa,unknown,2020-1
183160,southern_africa,unknown,2020-1
183167,eastern_africa,unknown,2020-1
183167,pan-africa,unknown,2020-1
183169,western_africa,unknown,2020-1
183169,central_africa,unknown,2020-1
183169,pan-africa,unknown,2020-1
183169,southern_africa,unknown,2020-1
183171,western_africa,unknown,2020-1
183171,central_africa,unknown,2020-1
183171,pan-africa,unknown,2020-1
183177,western_africa,unknown,2020-1
183177,central_africa,unknown,2020-1
183177,pan-africa,unknown,2020-1
183776,mediterranean,unknown,2020-1
183776,europe,unknown,2020-1
184493,northeastern_africa,unknown,2020-1
184493,pan-africa,unknown,2020-1
184520,northeastern_africa,unknown,2020-1
184520,pan-africa,unknown,2020-1
184554,central_africa,unknown,2020-1
184554,pan-africa,unknown,2020-1
184576,northeastern_africa,unknown,2020-1
184576,pan-africa,unknown,2020-1
184590,central_africa,unknown,2020-1
184590,pan-africa,unknown,2020-1
184626,central_africa,unknown,2020-1
184626,pan-africa,unknown,2020-1
184635,central_africa,unknown,2020-1
184635,pan-africa,unknown,2020-1
184679,northeastern_africa,decreasing,2020-1
184679,eastern_africa,unknown,2020-1
184679,pan-africa,stable,2020-1
184700,central_africa,unknown,2020-1
184700,pan-africa,unknown,2020-1
184711,central_africa,unknown,2020-1
184711,pan-africa,unknown,2020-1
184723,central_africa,unknown,2020-1
184723,pan-africa,unknown,2020-1
184732,central_africa,unknown,2020-1
184732,pan-africa,unknown,2020-1
185126,mediterranean,unknown,2020-1
185126,europe,stable,2020-1
185127,mediterranean,stable,2020-1
185127,europe,stable,2020-1
185128,mediterranean,stable,2020-1
185128,europe,stable,2020-1
185129,europe,stable,2020-1
185146,mediterranean,stable,2020-1
185146,europe,stable,2020-1
185155,mediterranean,stable,2020-1
185155,europe,stable,2020-1
185156,mediterranean,stable,2020-1
185156,europe,stable,2020-1
185162,europe,stable,2020-1
185165,mediterranean,unknown,2020-1
185165,europe,stable,2020-1
185168,mediterranean,unknown,2020-1
185168,europe,stable,2020-1
185175,mediterranean,stable,2020-1
185175,europe,stable,2020-1
185180,europe,stable,2020-1
185181,mediterranean,stable,2020-1
185181,europe,stable,2020-1
185182,mediterranean,unknown,2020-1
185182,europe,unknown,2020-1
185185,mediterranean,stable,2020-1
185185,europe,stable,2020-1
185193,mediterranean,stable,2020-1
185193,europe,stable,2020-1
185774,northeastern_africa,unknown,2020-1
185774,pan-africa,unknown,2020-1
186069,central_africa,unknown,2020-1
186078,central_africa,unknown,2020-1
186106,mediterranean,unknown,2020-1
186106,europe,unknown,2020-1
187397,mediterranean,stable,2020-1
187397,europe,stable,2020-1
187398,europe,unknown,2020-1
187418,mediterranean,stable,2020-1
187418,europe,stable,2020-1
187455,europe,unknown,2020-1
187475,mediterranean,stable,2020-1
187475,europe,stable,2020-1
187492,mediterranean,stable,2020-1
187492,europe,stable,2020-1
187495,europe,decreasing,2020-1
187522,mediterranean,unknown,2020-1
187522,europe,unknown,2020-1
187541,mediterranean,stable,2020-1
187541,europe,stable,2020-1
187573,mediterranean,stable,2020-1
187573,europe,stable,2020-1
187595,europe,unknown,2020-1
187653,mediterranean,stable,2020-1
187653,europe,stable,2020-1
187654,mediterranean,decreasing,2020-1
187654,europe,decreasing,2020-1
187678,europe,stable,2020-1
187696,mediterranean,unknown,2020-1
187696,europe,stable,2020-1
187714,mediterranean,stable,2020-1
187714,europe,stable,2020-1
187748,mediterranean,stable,2020-1
187748,europe,stable,2020-1
187751,mediterranean,stable,2020-1
187751,europe,stable,2020-1
187752,mediterranean,increasing,2020-1
187752,europe,stable,2020-1
187756,mediterranean,stable,2020-1
187756,europe,stable,2020-1
187775,mediterranean,stable,2020-1
187775,europe,stable,2020-1
187803,europe,unknown,2020-1
187805,mediterranean,stable,2020-1
187805,europe,stable,2020-1
188113,europe,unknown,2020-1
188324,mediterranean,stable,2020-1
188324,europe,stable,2020-1
188419,europe,unknown,2020-1
188486,europe,unknown,2020-1
189818,mediterranean,unknown,2020-1
189818,europe,unknown,2020-1
189820,mediterranean,unknown,2020-1
189820,europe,unknown,2020-1
189828,europe,unknown,2020-1
189829,europe,unknown,2020-1
190064,mediterranean,unknown,2020-1
190064,europe,unknown,2020-1
190065,europe,unknown,2020-1
190067,europe,unknown,2020-1
190070,mediterranean,unknown,2020-1
190070,europe,unknown,2020-1
190080,mediterranean,unknown,2020-1
190080,europe,stable,2020-1
190090,mediterranean,unknown,2020-1
190090,europe,unknown,2020-1
190093,europe,unknown,2020-1
190100,mediterranean,unknown,2020-1
190100,europe,unknown,2020-1
190101,mediterranean,unknown,2020-1
190101,europe,unknown,2020-1
190103,europe,unknown,2020-1
190116,mediterranean,unknown,2020-1
190116,europe,unknown,2020-1
190117,europe,unknown,2020-1
190118,europe,unknown,2020-1
190123,europe,unknown,2020-1
190125,europe,unknown,2020-1
190126,europe,unknown,2020-1
190130,europe,unknown,2020-1
190133,mediterranean,unknown,2020-1
190133,europe,stable,2020-1
190137,europe,unknown,2020-1
190139,europe,increasing,2020-1
190145,europe,unknown,2020-1
190147,europe,unknown,2020-1
190149,europe,stable,2020-1
190154,europe,unknown,2020-1
190157,europe,stable,2020-1
190159,europe,unknown,2020-1
190163,mediterranean,unknown,2020-1
190163,europe,unknown,2020-1
190176,europe,unknown,2020-1
190181,europe,unknown,2020-1
190183,europe,unknown,2020-1
190193,europe,stable,2020-1
190197,europe,stable,2020-1
190201,europe,unknown,2020-1
190203,europe,unknown,2020-1
190207,mediterranean,unknown,2020-1
190207,europe,unknown,2020-1
190211,mediterranean,unknown,2020-1
190211,europe,unknown,2020-1
190214,mediterranean,unknown,2020-1
190214,europe,unknown,2020-1
190217,europe,unknown,2020-1
190223,europe,unknown,2020-1
190229,europe,unknown,2020-1
190232,europe,unknown,2020-1
190237,europe,unknown,2020-1
190239,europe,unknown,2020-1
190243,europe,unknown,2020-1
190250,europe,unknown,2020-1
190255,europe,unknown,2020-1
190256,europe,unknown,2020-1
190258,europe,unknown,2020-1
190260,europe,unknown,2020-1
190261,europe,stable,2020-1
190264,europe,unknown,2020-1
190265,europe,stable,2020-1
190272,europe,unknown,2020-1
190278,europe,unknown,2020-1
190279,mediterranean,unknown,2020-1
190279,europe,decreasing,2020-1
190282,europe,unknown,2020-1
190285,mediterranean,unknown,2020-1
190285,europe,unknown,2020-1
190287,europe,unknown,2020-1
190291,europe,unknown,2020-1
190292,mediterranean,unknown,2020-1
190292,europe,unknown,2020-1
190296,europe,unknown,2020-1
190298,europe,unknown,2020-1
190300,europe,stable,2020-1
190302,europe,unknown,2020-1
190303,europe,unknown,2020-1
190310,europe,unknown,2020-1
190311,europe,unknown,2020-1
190314,europe,unknown,2020-1
190315,europe,unknown,2020-1
190316,europe,unknown,2020-1
190317,europe,stable,2020-1
190318,europe,unknown,2020-1
190319,europe,unknown,2020-1
190324,mediterranean,unknown,2020-1
190324,europe,stable,2020-1
190330,europe,unknown,2020-1
190331,europe,unknown,2020-1
190332,europe,stable,2020-1
190334,europe,unknown,2020-1
190335,mediterranean,unknown,2020-1
190335,europe,unknown,2020-1
190338,europe,unknown,2020-1
190341,europe,unknown,2020-1
190346,mediterranean,unknown,2020-1
190346,europe,increasing,2020-1
190347,europe,unknown,2020-1
190350,europe,unknown,2020-1
190353,europe,unknown,2020-1
190356,europe,unknown,2020-1
190359,europe,unknown,2020-1
190360,europe,unknown,2020-1
190361,europe,unknown,2020-1
190373,europe,unknown,2020-1
190378,mediterranean,unknown,2020-1
190378,europe,unknown,2020-1
190385,europe,unknown,2020-1
190389,europe,unknown,2020-1
190390,europe,stable,2020-1
190391,europe,unknown,2020-1
190394,europe,unknown,2020-1
190399,europe,unknown,2020-1
190402,europe,unknown,2020-1
190403,europe,unknown,2020-1
190422,mediterranean,unknown,2020-1
190422,europe,decreasing,2020-1
190425,mediterranean,unknown,2020-1
190425,europe,stable,2020-1
190427,europe,unknown,2020-1
190431,mediterranean,unknown,2020-1
190431,europe,unknown,2020-1
190432,mediterranean,unknown,2020-1
190432,europe,unknown,2020-1
190435,europe,unknown,2020-1
190444,europe,stable,2020-1
190447,europe,unknown,2020-1
190452,mediterranean,stable,2020-1
190452,europe,unknown,2020-1
190453,mediterranean,stable,2020-1
190453,europe,stable,2020-1
190458,mediterranean,unknown,2020-1
190461,europe,unknown,2020-1
190464,mediterranean,unknown,2020-1
190464,europe,unknown,2020-1
190466,mediterranean,unknown,2020-1
190466,europe,stable,2020-1
190471,mediterranean,unknown,2020-1
190471,europe,unknown,2020-1
190477,europe,unknown,2020-1
190480,europe,unknown,2020-1
190485,europe,unknown,2020-1
190488,europe,unknown,2020-1
190710,mediterranean,stable,2020-1
190710,europe,stable,2020-1
191829,europe,unknown,2020-1
193606,europe,unknown,2020-1
193615,europe,unknown,2020-1
193634,europe,unknown,2020-1
193668,europe,unknown,2020-1
193691,europe,stable,2020-1
193736,europe,decreasing,2020-1
193752,europe,unknown,2020-1
193758,mediterranean,unknown,2020-1
193758,europe,unknown,2020-1
193768,europe,unknown,2020-1
193771,europe,unknown,2020-1
194427,europe,unknown,2020-1
194428,mediterranean,unknown,2020-1
194428,europe,unknown,2020-1
194433,mediterranean,unknown,2020-1
194433,europe,unknown,2020-1
194812,mediterranean,unknown,2020-1
194812,europe,stable,2020-1
194814,mediterranean,unknown,2020-1
194814,europe,unknown,2020-1
194815,mediterranean,stable,2020-1
194815,europe,stable,2020-1
194816,mediterranean,unknown,2020-1
194818,europe,unknown,2020-1
194819,mediterranean,unknown,2020-1
194819,europe,unknown,2020-1
194821,mediterranean,unknown,2020-1
194821,europe,unknown,2020-1
194838,mediterranean,unknown,2020-1
194838,europe,unknown,2020-1
194840,mediterranean,unknown,2020-1
194840,europe,unknown,2020-1
194843,mediterranean,stable,2020-1
194843,europe,stable,2020-1
194844,mediterranean,stable,2020-1
194844,europe,stable,2020-1
194845,mediterranean,unknown,2020-1
194845,europe,unknown,2020-1
194846,mediterranean,unknown,2020-1
194846,europe,unknown,2020-1
194847,mediterranean,unknown,2020-1
194847,europe,unknown,2020-1
194848,mediterranean,unknown,2020-1
194848,europe,unknown,2020-1
194850,mediterranean,unknown,2020-1
194850,europe,unknown,2020-1
194851,europe,unknown,2020-1
194853,mediterranean,unknown,2020-1
194853,europe,unknown,2020-1
194854,mediterranean,unknown,2020-1
194854,europe,unknown,2020-1
194855,mediterranean,stable,2020-1
194855,europe,stable,2020-1
194856,mediterranean,unknown,2020-1
194856,europe,unknown,2020-1
194857,europe,unknown,2020-1
194859,mediterranean,unknown,2020-1
194859,europe,unknown,2020-1
194860,mediterranean,unknown,2020-1
194860,europe,unknown,2020-1
194862,mediterranean,unknown,2020-1
194862,europe,unknown,2020-1
194863,mediterranean,unknown,2020-1
194863,europe,unknown,2020-1
194865,mediterranean,unknown,2020-1
194865,europe,unknown,2020-1
194867,mediterranean,unknown,2020-1
194867,europe,unknown,2020-1
194868,mediterranean,unknown,2020-1
194868,europe,unknown,2020-1
194869,mediterranean,unknown,2020-1
194869,europe,unknown,2020-1
194872,mediterranean,unknown,2020-1
194872,europe,unknown,2020-1
194873,mediterranean,stable,2020-1
194873,europe,stable,2020-1
194874,mediterranean,unknown,2020-1
194874,europe,unknown,2020-1
194875,mediterranean,unknown,2020-1
194875,europe,unknown,2020-1
194876,mediterranean,unknown,2020-1
194877,mediterranean,stable,2020-1
194877,europe,stable,2020-1
194879,europe,stable,2020-1
194881,mediterranean,stable,2020-1
194881,europe,stable,2020-1
194882,europe,stable,2020-1
194883,mediterranean,unknown,2020-1
194883,europe,unknown,2020-1
194884,mediterranean,stable,2020-1
194884,europe,stable,2020-1
194885,mediterranean,unknown,2020-1
194885,europe,unknown,2020-1
194887,mediterranean,stable,2020-1
194887,europe,stable,2020-1
194889,mediterranean,unknown,2020-1
194889,europe,unknown,2020-1
194891,mediterranean,stable,2020-1
194891,europe,stable,2020-1
194893,europe,stable,2020-1
194894,mediterranean,unknown,2020-1
194895,mediterranean,stable,2020-1
194895,europe,stable,2020-1
194896,europe,stable,2020-1
194897,europe,unknown,2020-1
194898,mediterranean,stable,2020-1
194898,europe,stable,2020-1
194900,mediterranean,unknown,2020-1
194900,europe,unknown,2020-1
194901,mediterranean,unknown,2020-1
194901,europe,unknown,2020-1
194902,mediterranean,unknown,2020-1
194902,europe,unknown,2020-1
194903,mediterranean,unknown,2020-1
194903,europe,unknown,2020-1
194904,mediterranean,unknown,2020-1
194904,europe,unknown,2020-1
194960,mediterranean,stable,2020-1
194960,europe,stable,2020-1
194967,mediterranean,unknown,2020-1
194967,europe,unknown,2020-1
194968,mediterranean,unknown,2020-1
194968,europe,unknown,2020-1
194969,mediterranean,unknown,2020-1
194969,europe,unknown,2020-1
194970,mediterranean,unknown,2020-1
194970,europe,unknown,2020-1
194971,mediterranean,unknown,2020-1
194971,europe,unknown,2020-1
194973,mediterranean,unknown,2020-1
194973,europe,unknown,2020-1
194974,mediterranean,unknown,2020-1
194974,europe,stable,2020-1
194980,mediterranean,unknown,2020-1
194980,europe,unknown,2020-1
194981,mediterranean,unknown,2020-1
194981,europe,unknown,2020-1
194984,mediterranean,unknown,2020-1
194984,europe,unknown,2020-1
194986,mediterranean,unknown,2020-1
194986,europe,unknown,2020-1
194989,mediterranean,unknown,2020-1
194989,europe,unknown,2020-1
194991,mediterranean,unknown,2020-1
194991,europe,unknown,2020-1
194992,mediterranean,unknown,2020-1
194992,europe,unknown,2020-1
194993,mediterranean,unknown,2020-1
194993,europe,unknown,2020-1
194995,mediterranean,unknown,2020-1
194995,europe,unknown,2020-1
194997,mediterranean,unknown,2020-1
194997,europe,unknown,2020-1
194998,mediterranean,unknown,2020-1
194998,europe,unknown,2020-1
194999,mediterranean,unknown,2020-1
194999,europe,unknown,2020-1
195001,mediterranean,unknown,2020-1
195001,europe,unknown,2020-1
195003,mediterranean,unknown,2020-1
195003,europe,stable,2020-1
195038,mediterranean,unknown,2020-1
195038,europe,unknown,2020-1
195091,mediterranean,unknown,2020-1
195091,europe,unknown,2020-1
195093,mediterranean,unknown,2020-1
195093,europe,unknown,2020-1
195672,europe,unknown,2020-1
195688,europe,unknown,2020-1
195708,europe,unknown,2020-1
195805,europe,unknown,2020-1
195810,europe,stable,2020-1
195838,europe,unknown,2020-1
195839,europe,unknown,2020-1
195840,europe,unknown,2020-1
195843,europe,unknown,2020-1
195844,europe,unknown,2020-1
195852,europe,unknown,2020-1
195886,mediterranean,unknown,2020-1
195886,europe,stable,2020-1
196057,mediterranean,unknown,2020-1
196057,europe,unknown,2020-1
196060,europe,unknown,2020-1
196061,europe,unknown,2020-1
198547,mediterranean,unknown,2020-1
198547,europe,unknown,2020-1
198550,mediterranean,unknown,2020-1
198550,europe,stable,2020-1
198551,mediterranean,stable,2020-1
198551,europe,unknown,2020-1
198552,mediterranean,unknown,2020-1
198552,europe,stable,2020-1
198553,mediterranean,unknown,2020-1
198553,europe,unknown,2020-1
198554,mediterranean,unknown,2020-1
198554,europe,stable,2020-1
198555,mediterranean,unknown,2020-1
198555,europe,unknown,2020-1
198556,mediterranean,unknown,2020-1
198556,europe,unknown,2020-1
198557,mediterranean,unknown,2020-1
198557,europe,unknown,2020-1
198558,mediterranean,unknown,2020-1
198558,europe,unknown,2020-1
198559,mediterranean,unknown,2020-1
198559,europe,unknown,2020-1
198560,mediterranean,unknown,2020-1
198560,europe,unknown,2020-1
198561,mediterranean,unknown,2020-1
198561,europe,unknown,2020-1
198562,mediterranean,decreasing,2020-1
198562,europe,unknown,2020-1
198563,mediterranean,unknown,2020-1
198563,europe,stable,2020-1
198564,mediterranean,unknown,2020-1
198564,europe,stable,2020-1
198565,mediterranean,stable,2020-1
198565,europe,unknown,2020-1
198566,mediterranean,unknown,2020-1
198566,europe,unknown,2020-1
198568,mediterranean,decreasing,2020-1
198568,europe,decreasing,2020-1
198570,mediterranean,stable,2020-1
198570,europe,stable,2020-1
198571,mediterranean,unknown,2020-1
198571,europe,unknown,2020-1
198573,mediterranean,unknown,2020-1
198573,europe,stable,2020-1
198575,mediterranean,unknown,2020-1
198575,europe,unknown,2020-1
198576,mediterranean,unknown,2020-1
198576,europe,unknown,2020-1
198577,mediterranean,unknown,2020-1
198577,europe,stable,2020-1
198578,mediterranean,unknown,2020-1
198578,europe,decreasing,2020-1
198579,mediterranean,unknown,2020-1
198579,europe,stable,2020-1
198580,mediterranean,stable,2020-1
198580,europe,unknown,2020-1
198581,mediterranean,unknown,2020-1
198581,europe,unknown,2020-1
198582,mediterranean,unknown,2020-1
198582,europe,unknown,2020-1
198583,mediterranean,unknown,2020-1
198583,europe,unknown,2020-1
198585,mediterranean,unknown,2020-1
198585,europe,unknown,2020-1
198589,mediterranean,unknown,2020-1
198589,europe,unknown,2020-1
198590,mediterranean,unknown,2020-1
198590,europe,stable,2020-1
198592,mediterranean,unknown,2020-1
198592,europe,unknown,2020-1
198594,mediterranean,unknown,2020-1
198594,europe,unknown,2020-1
198595,mediterranean,unknown,2020-1
198595,europe,unknown,2020-1
198596,mediterranean,unknown,2020-1
198596,europe,unknown,2020-1
198597,mediterranean,unknown,2020-1
198597,europe,unknown,2020-1
198598,mediterranean,unknown,2020-1
198598,europe,unknown,2020-1
198599,mediterranean,unknown,2020-1
198599,europe,unknown,2020-1
198600,mediterranean,unknown,2020-1
198600,europe,unknown,2020-1
198601,mediterranean,unknown,2020-1
198601,europe,unknown,2020-1
198602,mediterranean,unknown,2020-1
198602,europe,unknown,2020-1
198604,mediterranean,unknown,2020-1
198604,europe,unknown,2020-1
198605,mediterranean,unknown,2020-1
198605,europe,stable,2020-1
198606,mediterranean,unknown,2020-1
198606,europe,stable,2020-1
198608,mediterranean,unknown,2020-1
198608,europe,unknown,2020-1
198609,mediterranean,stable,2020-1
198609,europe,unknown,2020-1
198610,mediterranean,stable,2020-1
198610,europe,unknown,2020-1
198611,mediterranean,unknown,2020-1
198611,europe,stable,2020-1
198612,mediterranean,unknown,2020-1
198612,europe,stable,2020-1
198613,mediterranean,unknown,2020-1
198613,europe,stable,2020-1
198614,mediterranean,unknown,2020-1
198614,europe,stable,2020-1
198615,mediterranean,unknown,2020-1
198615,europe,stable,2020-1
198616,europe,unknown,2020-1
198617,mediterranean,unknown,2020-1
198617,europe,unknown,2020-1
198618,mediterranean,unknown,2020-1
198618,europe,stable,2020-1
198619,mediterranean,unknown,2020-1
198619,europe,unknown,2020-1
198620,mediterranean,unknown,2020-1
198620,europe,stable,2020-1
198621,mediterranean,unknown,2020-1
198621,europe,stable,2020-1
198622,mediterranean,unknown,2020-1
198622,europe,unknown,2020-1
198623,mediterranean,unknown,2020-1
198623,europe,unknown,2020-1
198624,mediterranean,unknown,2020-1
198624,europe,stable,2020-1
198625,mediterranean,unknown,2020-1
198625,europe,unknown,2020-1
198626,mediterranean,unknown,2020-1
198626,europe,increasing,2020-1
198627,mediterranean,unknown,2020-1
198627,europe,stable,2020-1
198628,mediterranean,unknown,2020-1
198628,europe,unknown,2020-1
198630,mediterranean,stable,2020-1
198630,europe,unknown,2020-1
198632,mediterranean,stable,2020-1
198632,europe,stable,2020-1
198633,mediterranean,unknown,2020-1
198633,europe,unknown,2020-1
198634,mediterranean,unknown,2020-1
198634,europe,stable,2020-1
198635,mediterranean,unknown,2020-1
198635,europe,stable,2020-1
198636,mediterranean,unknown,2020-1
198636,europe,stable,2020-1
198637,mediterranean,unknown,2020-1
198637,europe,stable,2020-1
198638,mediterranean,unknown,2020-1
198638,europe,unknown,2020-1
198640,mediterranean,unknown,2020-1
198640,europe,unknown,2020-1
198641,mediterranean,stable,2020-1
198641,europe,unknown,2020-1
198642,mediterranean,unknown,2020-1
198642,europe,unknown,2020-1
198643,mediterranean,stable,2020-1
198643,europe,unknown,2020-1
198644,mediterranean,stable,2020-1
198644,europe,stable,2020-1
198645,mediterranean,stable,2020-1
198645,europe,unknown,2020-1
198646,mediterranean,stable,2020-1
198646,europe,unknown,2020-1
198647,mediterranean,stable,2020-1
198647,europe,stable,2020-1
198648,mediterranean,unknown,2020-1
198648,europe,unknown,2020-1
198649,mediterranean,unknown,2020-1
198649,europe,unknown,2020-1
198650,mediterranean,unknown,2020-1
198650,europe,unknown,2020-1
198651,mediterranean,unknown,2020-1
198651,europe,stable,2020-1
198652,mediterranean,unknown,2020-1
198652,europe,unknown,2020-1
198653,mediterranean,unknown,2020-1
198653,europe,decreasing,2020-1
198654,mediterranean,stable,2020-1
198654,europe,stable,2020-1
198655,mediterranean,unknown,2020-1
198655,europe,unknown,2020-1
198657,mediterranean,stable,2020-1
198657,europe,stable,2020-1
198659,mediterranean,unknown,2020-1
198659,europe,unknown,2020-1
198660,mediterranean,unknown,2020-1
198660,europe,stable,2020-1
198662,mediterranean,stable,2020-1
198662,europe,stable,2020-1
198663,mediterranean,unknown,2020-1
198663,europe,unknown,2020-1
198664,mediterranean,unknown,2020-1
198664,europe,unknown,2020-1
198665,mediterranean,unknown,2020-1
198665,europe,unknown,2020-1
198667,mediterranean,stable,2020-1
198667,europe,stable,2020-1
198668,mediterranean,decreasing,2020-1
198668,europe,stable,2020-1
198669,mediterranean,unknown,2020-1
198669,europe,stable,2020-1
198670,mediterranean,unknown,2020-1
198670,europe,stable,2020-1
198671,mediterranean,unknown,2020-1
198671,europe,stable,2020-1
198673,mediterranean,stable,2020-1
198673,europe,stable,2020-1
198674,mediterranean,stable,2020-1
198674,europe,unknown,2020-1
198675,mediterranean,unknown,2020-1
198675,europe,unknown,2020-1
198676,mediterranean,unknown,2020-1
198676,europe,unknown,2020-1
198706,mediterranean,unknown,2020-1
198706,europe,stable,2020-1
198707,mediterranean,decreasing,2020-1
198707,europe,decreasing,2020-1
198708,mediterranean,unknown,2020-1
198708,europe,unknown,2020-1
198709,mediterranean,decreasing,2020-1
198709,europe,decreasing,2020-1
198710,mediterranean,unknown,2020-1
198710,europe,unknown,2020-1
198711,mediterranean,stable,2020-1
198711,europe,unknown,2020-1
198712,mediterranean,stable,2020-1
198712,europe,unknown,2020-1
198713,mediterranean,stable,2020-1
198713,europe,unknown,2020-1
198714,mediterranean,increasing,2020-1
198714,europe,increasing,2020-1
198715,mediterranean,unknown,2020-1
198715,europe,unknown,2020-1
198716,mediterranean,unknown,2020-1
198716,europe,unknown,2020-1
198718,mediterranean,stable,2020-1
198718,europe,unknown,2020-1
198719,mediterranean,stable,2020-1
198719,europe,stable,2020-1
198720,mediterranean,unknown,2020-1
198720,europe,unknown,2020-1
198721,mediterranean,unknown,2020-1
198721,europe,unknown,2020-1
198722,mediterranean,stable,2020-1
198722,europe,unknown,2020-1
198723,mediterranean,unknown,2020-1
198723,europe,unknown,2020-1
198724,mediterranean,unknown,2020-1
198724,europe,unknown,2020-1
198725,mediterranean,stable,2020-1
198725,europe,unknown,2020-1
198726,mediterranean,stable,2020-1
198726,europe,unknown,2020-1
198727,mediterranean,unknown,2020-1
198727,europe,unknown,2020-1
198728,mediterranean,unknown,2020-1
198728,europe,unknown,2020-1
198734,mediterranean,unknown,2020-1
198734,europe,stable,2020-1
198735,mediterranean,unknown,2020-1
198735,europe,unknown,2020-1
198736,mediterranean,unknown,2020-1
198736,europe,unknown,2020-1
198737,mediterranean,unknown,2020-1
198737,europe,unknown,2020-1
198739,mediterranean,stable,2020-1
198739,europe,unknown,2020-1
198740,mediterranean,unknown,2020-1
198740,europe,unknown,2020-1
198741,mediterranean,unknown,2020-1
198741,europe,unknown,2020-1
198742,mediterranean,unknown,2020-1
198742,europe,unknown,2020-1
198743,mediterranean,unknown,2020-1
198743,europe,unknown,2020-1
198744,mediterranean,unknown,2020-1
198744,europe,unknown,2020-1
198745,mediterranean,unknown,2020-1
198745,europe,unknown,2020-1
198746,mediterranean,unknown,2020-1
198746,europe,stable,2020-1
198747,mediterranean,unknown,2020-1
198747,europe,unknown,2020-1
198748,mediterranean,unknown,2020-1
198748,europe,stable,2020-1
198748,europe,stable,2020-1
198750,mediterranean,unknown,2020-1
198750,europe,stable,2020-1
198751,mediterranean,unknown,2020-1
198752,mediterranean,unknown,2020-1
198752,europe,unknown,2020-1
198753,mediterranean,unknown,2020-1
198753,europe,unknown,2020-1
198755,mediterranean,unknown,2020-1
198755,europe,unknown,2020-1
198756,mediterranean,unknown,2020-1
198756,europe,unknown,2020-1
198757,mediterranean,unknown,2020-1
198757,europe,stable,2020-1
198758,mediterranean,unknown,2020-1
198758,europe,stable,2020-1
198759,mediterranean,unknown,2020-1
198759,europe,unknown,2020-1
198760,mediterranean,unknown,2020-1
198760,europe,stable,2020-1
198761,mediterranean,unknown,2020-1
198761,europe,unknown,2020-1
198762,mediterranean,unknown,2020-1
198762,europe,unknown,2020-1
198763,mediterranean,unknown,2020-1
198763,europe,unknown,2020-1
198764,mediterranean,unknown,2020-1
198764,europe,unknown,2020-1
198765,mediterranean,decreasing,2020-1
198765,europe,decreasing,2020-1
198766,mediterranean,unknown,2020-1
198766,europe,unknown,2020-1
198767,mediterranean,unknown,2020-1
198767,europe,unknown,2020-1
198769,mediterranean,unknown,2020-1
198769,europe,unknown,2020-1
198772,mediterranean,stable,2020-1
198772,europe,unknown,2020-1
198774,mediterranean,increasing,2020-1
198774,europe,increasing,2020-1
198775,mediterranean,unknown,2020-1
198775,europe,unknown,2020-1
198776,mediterranean,unknown,2020-1
198776,europe,stable,2020-1
198998,europe,unknown,2020-1
199068,europe,unknown,2020-1
199078,europe,unknown,2020-1
199146,europe,unknown,2020-1
199161,europe,unknown,2020-1
199249,europe,unknown,2020-1
199323,europe,unknown,2020-1
199360,europe,unknown,2020-1
199373,europe,unknown,2020-1
199396,europe,unknown,2020-1
199401,europe,unknown,2020-1
199413,europe,unknown,2020-1
13145780,mediterranean,unknown,2020-1
13168143,mediterranean,unknown,2020-1
13462250,europe,unknown,2020-1
13462491,europe,unknown,2020-1
13462713,europe,unknown,2020-1
13462745,europe,unknown,2020-1
13462751,europe,unknown,2020-1
13462757,europe,unknown,2020-1
13485141,europe,unknown,2020-1
13485167,europe,unknown,2020-1
13485312,europe,unknown,2020-1
13485398,europe,unknown,2020-1
13485631,europe,unknown,2020-1
13485635,europe,unknown,2020-1
13485675,europe,unknown,2020-1
13485856,europe,unknown,2020-1
13486169,europe,unknown,2020-1
13486199,europe,unknown,2020-1
15147715,europe,stable,2020-1
15147725,europe,unknown,2020-1
15147740,europe,unknown,2020-1
15147816,europe,unknown,2020-1
15147860,europe,unknown,2020-1
15147965,europe,unknown,2020-1
15147977,europe,unknown,2020-1
15148522,europe,unknown,2020-1
15148566,europe,unknown,2020-1
15148742,europe,unknown,2020-1
15148858,europe,unknown,2020-1
15148964,europe,unknown,2020-1
15149028,europe,unknown,2020-1
15149121,europe,unknown,2020-1
15149335,europe,unknown,2020-1
15521875,europe,unknown,2020-1
15521985,europe,unknown,2020-1
15522054,europe,unknown,2020-1
15522069,europe,unknown,2020-1
15522095,europe,unknown,2020-1
15522140,europe,unknown,2020-1
15522149,europe,decreasing,2020-1
15522152,europe,unknown,2020-1
15522159,europe,unknown,2020-1
15522210,europe,unknown,2020-1
15522213,europe,unknown,2020-1
15522236,europe,unknown,2020-1
15598524,europe,stable,2020-1
15598550,europe,stable,2020-1
15598596,europe,stable,2020-1
15598621,europe,unknown,2020-1
15598639,europe,stable,2020-1
15598672,europe,unknown,2020-1
15598778,europe,stable,2020-1
15598791,europe,unknown,2020-1
15598799,europe,unknown,2020-1
15598812,europe,stable,2020-1
15598815,europe,unknown,2020-1
15598887,europe,stable,2020-1
15598938,europe,unknown,2020-1
15598948,europe,unknown,2020-1
15598951,europe,unknown,2020-1
15598957,europe,unknown,2020-1
15599060,europe,stable,2020-1
15599067,europe,stable,2020-1
15599070,europe,unknown,2020-1
15599123,europe,stable,2020-1
15599136,europe,unknown,2020-1
15599150,europe,unknown,2020-1
15600453,europe,stable,2020-1
15600731,europe,stable,2020-1
15600738,europe,unknown,2020-1
15601865,europe,unknown,2020-1
15601872,europe,stable,2020-1
15601902,europe,unknown,2020-1
15601905,europe,unknown,2020-1
15601909,europe,unknown,2020-1
15601913,europe,unknown,2020-1
15601934,europe,unknown,2020-1
15601937,europe,unknown,2020-1
15601940,europe,unknown,2020-1
15622233,europe,unknown,2020-1
15622649,europe,unknown,2020-1
15622672,europe,unknown,2020-1
15622678,europe,unknown,2020-1
15622684,europe,unknown,2020-1
15622706,europe,unknown,2020-1
15622789,europe,unknown,2020-1
15622835,europe,unknown,2020-1
15623273,europe,unknown,2020-1
16208224,mediterranean,decreasing,2020-1
16369383,mediterranean,decreasing,2020-1
16370739,mediterranean,decreasing,2020-1
16376479,mediterranean,unknown,2020-1
16378423,mediterranean,unknown,2020-1
16381144,mediterranean,decreasing,2020-1
16404943,europe,unknown,2020-1
16407132,europe,unknown,2020-1
16425354,europe,unknown,2020-1
16431757,europe,stable,2020-1
16439757,europe,unknown,2020-1
16439848,europe,unknown,2020-1
16440027,europe,unknown,2020-1
16441698,europe,unknown,2020-1
16447855,europe,unknown,2020-1
16449531,europe,unknown,2020-1
16507347,europe,increasing,2020-1
16509126,europe,stable,2020-1
16509242,europe,unknown,2020-1
16509297,europe,unknown,2020-1
16545183,europe,unknown,2020-1
16674437,mediterranean,unknown,2020-1
16749737,europe,unknown,2020-1
16781113,europe,unknown,2020-1
16781168,europe,unknown,2020-1
18123632,europe,unknown,2020-1
18123960,europe,unknown,2020-1
18124015,europe,unknown,2020-1
18124888,europe,unknown,2020-1
18125103,europe,unknown,2020-1
18125145,europe,unknown,2020-1
18125208,europe,increasing,2020-1
18125362,europe,unknown,2020-1
18125379,europe,unknown,2020-1
18125776,europe,unknown,2020-1
18125838,europe,unknown,2020-1
18126034,europe,unknown,2020-1
18126112,europe,unknown,2020-1
18127641,europe,unknown,2020-1
18127741,europe,unknown,2020-1
18127783,europe,unknown,2020-1
18127809,europe,unknown,2020-1
18127828,europe,unknown,2020-1
18127836,europe,unknown,2020-1
18127840,europe,unknown,2020-1
18128090,europe,unknown,2020-1
18128749,europe,unknown,2020-1
18128938,europe,unknown,2020-1
18129278,europe,stable,2020-1
18129312,europe,unknown,2020-1
18138798,europe,unknown,2020-1
18138812,europe,unknown,2020-1
18138815,europe,stable,2020-1
18138825,europe,unknown,2020-1
18138837,europe,unknown,2020-1
18138869,europe,unknown,2020-1
18139045,europe,unknown,2020-1
18139074,europe,unknown,2020-1
18139615,europe,unknown,2020-1
18140291,europe,stable,2020-1
18140358,europe,unknown,2020-1
18140736,europe,unknown,2020-1
18140801,europe,unknown,2020-1
18140823,europe,unknown,2020-1
18140829,europe,unknown,2020-1
18155920,europe,unknown,2020-1
18155933,europe,unknown,2020-1
18155939,europe,unknown,2020-1
18155943,europe,unknown,2020-1
18155946,europe,unknown,2020-1
18155949,europe,unknown,2020-1
18155952,europe,unknown,2020-1
18155960,europe,unknown,2020-1
18155963,europe,unknown,2020-1
18155982,europe,unknown,2020-1
18156550,europe,unknown,2020-1
18158331,europe,unknown,2020-1
18158359,europe,unknown,2020-1
18158445,europe,unknown,2020-1
18158483,europe,stable,2020-1
18158583,europe,unknown,2020-1
18159126,europe,unknown,2020-1
18159556,europe,unknown,2020-1
18159817,europe,stable,2020-1
18159823,europe,stable,2020-1
18160428,europe,stable,2020-1
18160456,europe,unknown,2020-1
18160468,europe,stable,2020-1
18160573,europe,stable,2020-1
18161514,europe,unknown,2020-1
18179793,europe,unknown,2020-1
18179796,europe,unknown,2020-1
18180983,europe,unknown,2020-1
18180998,europe,unknown,2020-1
18214503,europe,unknown,2020-1
18214863,europe,increasing,2020-1
18227064,europe,stable,2020-1
18227109,europe,unknown,2020-1
18227119,europe,stable,2020-1
18227123,europe,unknown,2020-1
18227168,europe,increasing,2020-1
18237151,europe,unknown,2020-1
18237502,europe,unknown,2020-1
18237516,europe,unknown,2020-1
18237707,europe,unknown,2020-1
18237712,europe,unknown,2020-1
18237739,europe,unknown,2020-1
18237772,europe,unknown,2020-1
18237775,europe,unknown,2020-1
18237796,europe,unknown,2020-1
18238049,europe,unknown,2020-1
18252612,europe,stable,2020-1
18252616,europe,stable,2020-1
18252619,europe,stable,2020-1
18252629,europe,stable,2020-1
18252702,europe,unknown,2020-1
18252718,europe,unknown,2020-1
18252849,europe,unknown,2020-1
18252853,europe,unknown,2020-1
18252941,europe,stable,2020-1
18252952,europe,stable,2020-1
18253276,europe,stable,2020-1
18253282,europe,unknown,2020-1
18253287,europe,unknown,2020-1
18253296,europe,unknown,2020-1
18253303,europe,unknown,2020-1
18256447,europe,unknown,2020-1
18256458,europe,unknown,2020-1
18256490,europe,unknown,2020-1
18256504,europe,unknown,2020-1
18256560,europe,unknown,2020-1
18256726,europe,unknown,2020-1
18256883,europe,unknown,2020-1
18256943,europe,unknown,2020-1
18256992,europe,unknown,2020-1
18257189,europe,unknown,2020-1
18257198,europe,unknown,2020-1
18257269,europe,unknown,2020-1
18257303,europe,unknown,2020-1
18257306,europe,unknown,2020-1
18257309,europe,unknown,2020-1
18257331,europe,unknown,2020-1
18257417,europe,unknown,2020-1
18257501,europe,unknown,2020-1
18257533,europe,unknown,2020-1
18257655,europe,unknown,2020-1
18257684,europe,unknown,2020-1
18257696,europe,unknown,2020-1
18257762,europe,stable,2020-1
18258072,europe,stable,2020-1
18258153,mediterranean,unknown,2020-1
18258153,europe,unknown,2020-1
18258202,europe,unknown,2020-1
18258249,mediterranean,stable,2020-1
18258249,europe,stable,2020-1
18258256,mediterranean,unknown,2020-1
18258256,europe,unknown,2020-1
18258266,europe,unknown,2020-1
18258584,europe,unknown,2020-1
18584848,mediterranean,decreasing,2020-1
18584848,europe,decreasing,2020-1
20662018,europe,unknown,2020-1
20665551,europe,unknown,2020-1
20665719,europe,unknown,2020-1
20665743,europe,unknown,2020-1
21108245,europe,unknown,2020-1
21110117,europe,unknown,2020-1
21110389,europe,unknown,2020-1
21112632,europe,unknown,2020-1
21112669,europe,unknown,2020-1
21112836,europe,unknown,2020-1
21112867,europe,unknown,2020-1
21113904,europe,unknown,2020-1
21130109,europe,unknown,2020-1
21130979,europe,unknown,2020-1
21132418,europe,unknown,2020-1
21132668,europe,unknown,2020-1
21132672,europe,unknown,2020-1
21132822,europe,unknown,2020-1
21132825,europe,unknown,2020-1
21132828,europe,stable,2020-1
21132859,europe,unknown,2020-1
21132889,europe,unknown,2020-1
21132901,europe,unknown,2020-1
21132910,europe,unknown,2020-1
21132914,europe,unknown,2020-1
21132917,europe,unknown,2020-1
21132928,europe,unknown,2020-1
21132935,europe,unknown,2020-1
21132953,europe,unknown,2020-1
21132963,europe,unknown,2020-1
21132986,europe,unknown,2020-1
21132989,europe,unknown,2020-1
21132997,europe,unknown,2020-1
21133000,europe,unknown,2020-1
21133010,europe,unknown,2020-1
21133018,europe,unknown,2020-1
21133035,europe,unknown,2020-1
21133039,europe,unknown,2020-1
21133050,europe,unknown,2020-1
21133091,europe,unknown,2020-1
21133099,europe,unknown,2020-1
21133108,europe,unknown,2020-1
21133116,europe,unknown,2020-1
21133172,europe,unknown,2020-1
21133207,europe,unknown,2020-1
22679872,europe,increasing,2020-1
22679881,europe,stable,2020-1
22679896,europe,increasing,2020-1
22679943,europe,increasing,2020-1
22679946,europe,unknown,2020-1
22680024,europe,increasing,2020-1
22680157,europe,stable,2020-1
22680247,europe,stable,2020-1
22680301,europe,decreasing,2020-1
22680313,europe,decreasing,2020-1
22680358,europe,decreasing,2020-1
22680391,europe,stable,2020-1
22680398,europe,stable,2020-1
22680405,europe,decreasing,2020-1
22680409,europe,unknown,2020-1
22680415,europe,stable,2020-1
22680423,europe,unknown,2020-1
22680427,europe,decreasing,2020-1
22680455,europe,stable,2020-1
22680465,europe,increasing,2020-1
22680485,europe,decreasing,2020-1
22680492,europe,stable,2020-1
22683027,europe,decreasing,2020-1
22683645,europe,decreasing,2020-1
22686806,europe,unknown,2020-1
22686815,europe,stable,2020-1
22692146,europe,increasing,2020-1
22692667,europe,unknown,2020-1
22692913,europe,decreasing,2020-1
22693133,europe,stable,2020-1
22693150,europe,decreasing,2020-1
22693158,europe,unknown,2020-1
22693178,europe,stable,2020-1
22693185,europe,unknown,2020-1
22693190,europe,decreasing,2020-1
22693207,europe,unknown,2020-1
22693211,europe,decreasing,2020-1
22693216,europe,unknown,2020-1
22693220,europe,unknown,2020-1
22693251,europe,decreasing,2020-1
22693264,europe,decreasing,2020-1
22693336,europe,decreasing,2020-1
22693363,europe,unknown,2020-1
22693369,europe,unknown,2020-1
22693379,europe,stable,2020-1
22693388,europe,stable,2020-1
22693404,europe,unknown,2020-1
22693420,europe,unknown,2020-1
22693427,europe,unknown,2020-1
22693431,europe,increasing,2020-1
22693464,europe,unknown,2020-1
22693468,europe,decreasing,2020-1
22693490,europe,stable,2020-1
22693494,europe,unknown,2020-1
22693621,europe,NA,2020-1
22693712,europe,stable,2020-1
22693727,europe,increasing,2020-1
22693749,europe,unknown,2020-1
22693759,europe,unknown,2020-1
22693770,europe,decreasing,2020-1
22693862,europe,unknown,2020-1
22693868,europe,decreasing,2020-1
22693949,europe,decreasing,2020-1
22693983,europe,stable,2020-1
22694127,europe,stable,2020-1
22694160,europe,unknown,2020-1
22694240,europe,unknown,2020-1
22694245,europe,unknown,2020-1
22694251,europe,stable,2020-1
22694308,europe,decreasing,2020-1
22694313,europe,stable,2020-1
22694324,europe,decreasing,2020-1
22694343,europe,stable,2020-1
22694357,europe,decreasing,2020-1
22694373,europe,increasing,2020-1
22694379,europe,stable,2020-1
22694420,europe,stable,2020-1
22694428,europe,decreasing,2020-1
22694443,europe,decreasing,2020-1
22694469,europe,decreasing,2020-1
22694473,europe,stable,2020-1
22694476,europe,stable,2020-1
22694479,europe,increasing,2020-1
22694497,europe,decreasing,2020-1
22694524,europe,increasing,2020-1
22694591,europe,stable,2020-1
22694601,europe,increasing,2020-1
22694623,europe,increasing,2020-1
22694629,europe,decreasing,2020-1
22694656,europe,unknown,2020-1
22694764,europe,increasing,2020-1
22694782,europe,stable,2020-1
22694787,europe,unknown,2020-1
22694837,europe,unknown,2020-1
22694841,europe,decreasing,2020-1
22694847,europe,unknown,2020-1
22694852,europe,decreasing,2020-1
22694856,europe,NA,2020-1
22694861,europe,decreasing,2020-1
22694927,europe,decreasing,2020-1
22694938,europe,increasing,2020-1
22695137,europe,increasing,2020-1
22696453,europe,unknown,2020-1
22696495,europe,increasing,2020-1
22696500,europe,stable,2020-1
22696545,europe,unknown,2020-1
22696599,europe,increasing,2020-1
22696602,europe,decreasing,2020-1
22696606,europe,decreasing,2020-1
22696610,europe,unknown,2020-1
22696657,europe,increasing,2020-1
22696705,europe,decreasing,2020-1
22696792,europe,increasing,2020-1
22696894,europe,decreasing,2020-1
22696993,europe,decreasing,2020-1
22697031,europe,decreasing,2020-1
22697043,europe,increasing,2020-1
22697123,europe,stable,2020-1
22697211,europe,decreasing,2020-1
22697360,europe,increasing,2020-1
22697555,europe,increasing,2020-1
22697590,europe,increasing,2020-1
22697599,europe,increasing,2020-1
22697829,europe,unknown,2020-1
22697834,europe,decreasing,2020-1
22697842,europe,decreasing,2020-1
22697847,europe,unknown,2020-1
22697866,europe,decreasing,2020-1
22698062,europe,increasing,2020-1
22698132,europe,unknown,2020-1
22698226,europe,unknown,2020-1
22698230,europe,increasing,2020-1
22698453,europe,decreasing,2020-1
22698477,europe,unknown,2020-1
22705916,europe,decreasing,2020-1
22705929,europe,stable,2020-1
22706016,europe,stable,2020-1
22709707,europe,stable,2020-1
22710051,europe,increasing,2020-1
22710259,europe,decreasing,2020-1
22710333,europe,stable,2020-1
22710886,europe,decreasing,2020-1
22713491,europe,stable,2020-1
22716971,europe,unknown,2020-1
22716976,europe,unknown,2020-1
22716984,europe,decreasing,2020-1
22717383,europe,decreasing,2020-1
22717434,europe,stable,2020-1
22718379,europe,increasing,2020-1
22718556,europe,decreasing,2020-1
22718560,europe,unknown,2020-1
22718567,europe,unknown,2020-1
22721033,europe,unknown,2020-1
22721043,europe,unknown,2020-1
22724836,europe,stable,2020-1
22724879,europe,unknown,2020-1
22725846,europe,decreasing,2020-1
22727487,europe,decreasing,2020-1
22727969,europe,stable,2020-1
22728432,europe,decreasing,2020-1
22732244,europe,unknown,2020-1
22734972,europe,unknown,2020-1
22735624,europe,increasing,2020-1
22735929,europe,increasing,2020-1
22736135,europe,stable,2020-1
42830239,europe,unknown,2020-1
42830251,europe,unknown,2020-1
42830260,europe,unknown,2020-1
42830277,europe,unknown,2020-1
42830286,europe,unknown,2020-1
42874318,mediterranean,unknown,2020-1
42874318,europe,unknown,2020-1
45061132,europe,decreasing,2020-1
45354964,europe,increasing,2020-1
45959182,europe,decreasing,2020-1
46086190,europe,unknown,2020-1
47145180,europe,unknown,2020-1
47164926,europe,unknown,2020-1
47165317,europe,unknown,2020-1
47165363,europe,unknown,2020-1
47165472,europe,unknown,2020-1
47165490,europe,unknown,2020-1
49911704,mediterranean,unknown,2020-1
49911704,europe,unknown,2020-1
50011071,mediterranean,unknown,2020-1
50012470,mediterranean,unknown,2020-1
50012660,mediterranean,decreasing,2020-1
50016125,mediterranean,decreasing,2020-1
50016125,europe,decreasing,2020-1
50020621,mediterranean,stable,2020-1
50020625,mediterranean,unknown,2020-1
50078139,europe,stable,2020-1
50107293,mediterranean,unknown,2020-1
50107605,mediterranean,unknown,2020-1
50107605,europe,unknown,2020-1
50108167,mediterranean,unknown,2020-1
50113293,mediterranean,unknown,2020-1
50113365,mediterranean,unknown,2020-1
50113365,europe,unknown,2020-1
50148677,mediterranean,unknown,2020-1
50148695,mediterranean,decreasing,2020-1
50148695,europe,decreasing,2020-1
50148787,mediterranean,unknown,2020-1
50148787,europe,unknown,2020-1
50148930,mediterranean,unknown,2020-1
50149061,mediterranean,unknown,2020-1
50160898,mediterranean,unknown,2020-1
50161085,mediterranean,unknown,2020-1
50161085,europe,unknown,2020-1
50161089,mediterranean,unknown,2020-1
50161089,europe,unknown,2020-1
50161091,mediterranean,unknown,2020-1
50161091,europe,unknown,2020-1
50161093,mediterranean,unknown,2020-1
50161093,europe,unknown,2020-1
50161095,mediterranean,unknown,2020-1
50161095,europe,unknown,2020-1
56084246,europe,unknown,2020-1
56779782,europe,unknown,2020-1
56852298,europe,unknown,2020-1
57452852,europe,unknown,2020-1
57453548,europe,unknown,2020-1
57453584,europe,unknown,2020-1
57453648,europe,unknown,2020-1
57453696,europe,unknown,2020-1
57453720,europe,unknown,2020-1
57453743,europe,unknown,2020-1
57693936,europe,unknown,2020-1
57714556,europe,unknown,2020-1
57825241,europe,unknown,2020-1
58241062,europe,unknown,2020-1
60469186,europe,unknown,2020-1
60469232,europe,unknown,2020-1
60469264,europe,unknown,2020-1
60469712,europe,unknown,2020-1
60469804,europe,unknown,2020-1
60469877,europe,unknown,2020-1
60469980,europe,unknown,2020-1
60470344,europe,unknown,2020-1
60470358,europe,unknown,2020-1
60470361,europe,unknown,2020-1
60470382,europe,unknown,2020-1
60470418,europe,unknown,2020-1
60470422,europe,unknown,2020-1
60470467,europe,unknown,2020-1
60470680,europe,unknown,2020-1
60470687,europe,stable,2020-1
60470770,europe,unknown,2020-1
60470792,europe,unknown,2020-1
60470817,europe,unknown,2020-1
60471195,europe,unknown,2020-1
60471792,europe,unknown,2020-1
60471825,europe,unknown,2020-1
60471850,europe,unknown,2020-1
60471855,europe,unknown,2020-1
60471860,europe,unknown,2020-1
60471901,europe,unknown,2020-1
60471925,europe,unknown,2020-1
60471934,europe,unknown,2020-1
60472006,europe,unknown,2020-1
60472203,europe,unknown,2020-1
60472409,europe,unknown,2020-1
60472779,europe,unknown,2020-1
60473762,europe,unknown,2020-1
60474290,europe,unknown,2020-1
60476220,europe,unknown,2020-1
60477122,europe,unknown,2020-1
60477337,europe,unknown,2020-1
60477619,europe,unknown,2020-1
60477991,europe,unknown,2020-1
60478393,europe,unknown,2020-1
60481663,europe,unknown,2020-1
60481712,europe,unknown,2020-1
60481885,europe,unknown,2020-1
60481914,europe,unknown,2020-1
60482037,europe,unknown,2020-1
60482063,europe,unknown,2020-1
60482102,europe,unknown,2020-1
60482105,europe,unknown,2020-1
60482248,europe,unknown,2020-1
60482312,europe,unknown,2020-1
60482374,europe,unknown,2020-1
60482562,europe,unknown,2020-1
60482748,europe,unknown,2020-1
60482810,europe,unknown,2020-1
60482859,europe,unknown,2020-1
60483083,europe,unknown,2020-1
60483092,europe,unknown,2020-1
60483273,europe,unknown,2020-1
60485860,europe,unknown,2020-1
61934241,europe,unknown,2020-1
61934264,europe,unknown,2020-1
61984292,europe,stable,2020-1
62026481,europe,increasing,2020-1
62030608,europe,decreasing,2020-1
62030970,europe,increasing,2020-1
64372284,mediterranean,unknown,2020-1
64372284,europe,unknown,2020-1
65475413,mediterranean,unknown,2020-1
65475413,europe,unknown,2020-1
65476067,mediterranean,unknown,2020-1
65476067,europe,unknown,2020-1
65476258,mediterranean,unknown,2020-1
67962660,europe,unknown,2020-1
67963784,europe,unknown,2020-1
67963793,europe,unknown,2020-1
67963974,europe,unknown,2020-1
67963992,europe,unknown,2020-1
67964123,europe,unknown,2020-1
67964394,europe,unknown,2020-1
67964577,europe,unknown,2020-1
67964842,europe,unknown,2020-1
67964953,europe,unknown,2020-1
67965135,europe,unknown,2020-1
67965222,europe,unknown,2020-1
67965706,europe,unknown,2020-1
67966147,europe,unknown,2020-1
67966167,europe,unknown,2020-1
67966197,europe,unknown,2020-1
67966246,europe,unknown,2020-1
67966271,europe,unknown,2020-1
67966291,europe,unknown,2020-1
67966314,europe,unknown,2020-1
67966420,europe,unknown,2020-1
67966497,europe,unknown,2020-1
67968236,europe,unknown,2020-1
67968894,europe,unknown,2020-1
68062225,europe,unknown,2020-1
68062262,europe,unknown,2020-1
68063640,europe,unknown,2020-1
68064100,europe,unknown,2020-1
68064267,europe,unknown,2020-1
68064271,europe,unknown,2020-1
68064747,europe,unknown,2020-1
68064929,europe,unknown,2020-1
68202649,europe,unknown,2020-1
71942692,europe,unknown,2020-1
91209505,mediterranean,decreasing,2020-1
91209505,europe,decreasing,2020-1
102998555,europe,decreasing,2020-1
103773898,europe,stable,2020-1
104007058,europe,decreasing,2020-1
104050689,mediterranean,decreasing,2020-1
104050689,europe,decreasing,2020-1
124569516,mediterranean,stable,2020-1
124569516,europe,stable,2020-1
160075998,mediterranean,decreasing,2020-1
