"rgn_name","rgn_id","commodity","product","1976","1977","1978","1979","1980","1981","1982","1983","1984","1985","1986","1987","1988","1989","1990","1991","1992","1993","1994","1995","1996","1997","1998","1999","2000","2001","2002","2003","2004","2005","2006","2007","2008","2009","2010","2011","2012","2013","2014","2015","2016","2017"
"Albania",82,"Coral and the like","corals",NA,NA,NA,NA,NA,NA,NA,NA,NA,NA,NA,NA,NA,NA,NA,NA,NA,NA,NA,NA,315,87,221,100,27,45,78,44,77,19,14,0,50,16,0,104,38,37,9,63,134,31
"Albania",82,"Z_TOTAL","corals",NA,NA,NA,NA,NA,NA,NA,NA,NA,NA,NA,NA,NA,NA,NA,NA,NA,NA,NA,NA,315,87,221,100,27,45,78,44,77,19,14,0,50,16,0,104,38,37,9,63,134,31
"Australia",16,"Coral and the like","corals",464,524,705,981,1505,663,739,613,535,468,0,0,0,0,1618,1420,1300,1369,1780,1188,894,902,1377,861,982,829,1412,941,782,707,1676,616,446,294,353,426,1118,916,704,912,944,951
"Australia",16,"Z_TOTAL","corals",464,524,705,981,1505,663,739,613,535,468,0,0,0,0,1618,1420,1300,1369,1780,1188,894,902,1377,861,982,829,1412,941,782,707,1676,616,446,294,353,426,1118,916,704,912,944,951
"Bonaire",245,"Coral and the like","corals",NA,NA,NA,NA,NA,NA,NA,NA,NA,NA,NA,NA,NA,NA,NA,NA,NA,NA,NA,NA,NA,NA,NA,NA,0,0.25,0.5,0.25,0,0,0,0,0,0,0,0,0,0,0,0,0,0
"Bonaire",245,"Z_TOTAL","corals",NA,NA,NA,NA,NA,NA,NA,NA,NA,NA,NA,NA,NA,NA,NA,NA,NA,NA,NA,NA,NA,NA,NA,NA,0,0.25,0.5,0.25,0,0,0,0,0,0,0,0,0,0,0,0,0,0
"Brazil",171,"Coral and the like","corals",NA,NA,NA,NA,NA,NA,NA,NA,NA,NA,NA,NA,NA,NA,NA,NA,NA,NA,7,17,44,33,5,0,1,1,9,513,510,35,16,11,3,1,1,1,2,11,0,0,0,0
"Brazil",171,"Z_TOTAL","corals",NA,NA,NA,NA,NA,NA,NA,NA,NA,NA,NA,NA,NA,NA,NA,NA,NA,NA,7,17,44,33,5,0,1,1,9,513,510,35,16,11,3,1,1,1,2,11,0,0,0,0
"Canada",218,"Coral and the like","corals",NA,NA,NA,NA,NA,NA,NA,NA,NA,NA,NA,NA,NA,NA,1098,716,245,1042,1057,1795,602,419,672,2220,2893,4131,2087,1568,2394,716,147,194,390,194,382,1235,522,773,1437,1061,1738,1132
"Canada",218,"Z_TOTAL","corals",NA,NA,NA,NA,NA,NA,NA,NA,NA,NA,NA,NA,NA,NA,1098,716,245,1042,1057,1795,602,419,672,2220,2893,4131,2087,1568,2394,716,147,194,390,194,382,1235,522,773,1437,1061,1738,1132
"Chile",224,"Coral and the like","corals",NA,NA,NA,NA,NA,NA,NA,NA,NA,NA,NA,NA,NA,NA,NA,NA,NA,NA,842,409,340,242,477,307,280,502,260,113,47,8,59,0,0,0,0,0,0,0,0,0,0,0
"Chile",224,"Z_TOTAL","corals",NA,NA,NA,NA,NA,NA,NA,NA,NA,NA,NA,NA,NA,NA,NA,NA,NA,NA,842,409,340,242,477,307,280,502,260,113,47,8,59,0,0,0,0,0,0,0,0,0,0,0
"China",209,"Coral and the like","corals",NA,NA,NA,NA,NA,NA,NA,NA,NA,NA,NA,NA,NA,NA,0,0,0,190.921277627582,1955,3481,1748,3093,1429,1620,707,1884,2309,2228,3220,4937,5795,7679,6919,14625,17705,10958,10215,8810,11676,11743,10286,8904
"China",209,"Z_TOTAL","corals",NA,NA,NA,NA,NA,NA,NA,NA,NA,NA,NA,NA,NA,NA,0,0,0,190.921277627582,1955,3481,1748,3093,1429,1620,707,1884,2309,2228,3220,4937,5795,7679,6919,14625,17705,10958,10215,8810,11676,11743,10286,8904
"Colombia",132,"Coral and the like","corals",NA,NA,NA,NA,NA,NA,NA,NA,NA,NA,NA,NA,NA,NA,NA,NA,NA,NA,NA,1,1,2,1,1,0,1,0,12,3,9,17.1957969187752,0,0,0,0,0,0,0,0,0,0,0
"Colombia",132,"Z_TOTAL","corals",NA,NA,NA,NA,NA,NA,NA,NA,NA,NA,NA,NA,NA,NA,NA,NA,NA,NA,NA,1,1,2,1,1,0,1,0,12,3,9,17.1957969187752,0,0,0,0,0,0,0,0,0,0,0
"Croatia",187,"Coral and the like","corals",NA,NA,NA,NA,NA,NA,NA,NA,NA,NA,NA,NA,NA,NA,NA,NA,NA,NA,1,1,1,1,2,32.5534359804949,0,0,0,0,0,0,0,0,0,0,0,0,0,0,0,0,0,0
"Croatia",187,"Z_TOTAL","corals",NA,NA,NA,NA,NA,NA,NA,NA,NA,NA,NA,NA,NA,NA,NA,NA,NA,NA,1,1,1,1,2,32.5534359804949,0,0,0,0,0,0,0,0,0,0,0,0,0,0,0,0,0,0
"Dominican Republic",115,"Coral and the like","corals",NA,NA,NA,NA,NA,NA,NA,NA,NA,NA,NA,NA,NA,NA,NA,NA,NA,NA,NA,NA,NA,37,11.8034071049748,19,2,0,0,21,8.7274859076723,15,37,0,15.3991735759778,0,3,10,0,0,0,0,0,0
"Dominican Republic",115,"Z_TOTAL","corals",NA,NA,NA,NA,NA,NA,NA,NA,NA,NA,NA,NA,NA,NA,NA,NA,NA,NA,NA,NA,NA,37,11.8034071049748,19,2,0,0,21,8.7274859076723,15,37,0,15.3991735759778,0,3,10,0,0,0,0,0,0
"Ecuador",137,"Coral and the like","corals",NA,NA,NA,NA,NA,NA,NA,NA,NA,NA,NA,NA,NA,NA,NA,NA,NA,NA,45,31,70,41,6,10,2,5,1,1,7,0,18.5321631643237,322,4,0,0,0,0,0,0,0,0,0
"Ecuador",137,"Z_TOTAL","corals",NA,NA,NA,NA,NA,NA,NA,NA,NA,NA,NA,NA,NA,NA,NA,NA,NA,NA,45,31,70,41,6,10,2,5,1,1,7,0,18.5321631643237,322,4,0,0,0,0,0,0,0,0,0
"Egypt",214,"Coral and the like","corals",NA,NA,NA,NA,NA,NA,NA,NA,NA,NA,NA,NA,NA,NA,NA,NA,NA,NA,3,2,0,19,13,11,8,15,4,0,0,0,3,0,0,65.8921332812333,0,60.1623957895481,0,0,0,0,0,0
"Egypt",214,"Z_TOTAL","corals",NA,NA,NA,NA,NA,NA,NA,NA,NA,NA,NA,NA,NA,NA,NA,NA,NA,NA,3,2,0,19,13,11,8,15,4,0,0,0,3,0,0,65.8921332812333,0,60.1623957895481,0,0,0,0,0,0
"El Salvador",134,"Coral and the like","corals",NA,NA,NA,NA,NA,NA,NA,NA,NA,NA,NA,NA,NA,NA,NA,NA,NA,NA,NA,153.361022759254,0,0,0,118.70394059192,0,100.40627497961,91.451267079181,82.6900840844864,0,65.1677180950901,0,1021,240,30.122986116301,0,0,0,0,0,0,0,0
"El Salvador",134,"Z_TOTAL","corals",NA,NA,NA,NA,NA,NA,NA,NA,NA,NA,NA,NA,NA,NA,NA,NA,NA,NA,NA,153.361022759254,0,0,0,118.70394059192,0,100.40627497961,91.451267079181,82.6900840844864,0,65.1677180950901,0,1021,240,30.122986116301,0,0,0,0,0,0,0,0
"Fiji",18,"Coral and the like","corals",NA,NA,NA,NA,NA,NA,NA,NA,NA,NA,NA,NA,NA,NA,589,457,351,109,307,0,536,1180,1280,830,1235,0,1026,1412,1695,1852,1837,1814,1244,782,1030,1127,1251,1088,981,900,486,341
"Fiji",18,"Z_TOTAL","corals",NA,NA,NA,NA,NA,NA,NA,NA,NA,NA,NA,NA,NA,NA,589,457,351,109,307,0,536,1180,1280,830,1235,0,1026,1412,1695,1852,1837,1814,1244,782,1030,1127,1251,1088,981,900,486,341
"France",179,"Coral and the like","corals",25,5,76,41,12,34,3,3,6,6,8,3,12,27,0,0,0,0,0,0,0,0,0,0,0,0,0,0,0,0,0,0,0,0,0,0,0,0,0,0,0,0
"France",179,"Z_TOTAL","corals",25,5,76,41,12,34,3,3,6,6,8,3,12,27,0,0,0,0,0,0,0,0,0,0,0,0,0,0,0,0,0,0,0,0,0,0,0,0,0,0,0,0
"French Polynesia",147,"Coral and the like","corals",NA,NA,NA,NA,NA,NA,NA,NA,NA,NA,NA,NA,NA,NA,NA,NA,NA,NA,NA,NA,NA,NA,NA,NA,NA,NA,NA,NA,NA,NA,NA,NA,NA,NA,NA,NA,NA,NA,22.4319291990723,2,636,880
"French Polynesia",147,"Z_TOTAL","corals",NA,NA,NA,NA,NA,NA,NA,NA,NA,NA,NA,NA,NA,NA,NA,NA,NA,NA,NA,NA,NA,NA,NA,NA,NA,NA,NA,NA,NA,NA,NA,NA,NA,NA,NA,NA,NA,NA,22.4319291990723,2,636,880
"Haiti",114,"Coral and the like","corals",NA,NA,NA,NA,NA,NA,NA,NA,NA,NA,NA,NA,NA,NA,NA,NA,NA,NA,NA,NA,NA,NA,96,134,207,204,320,266,215,145,158,113,78,40,39,35,14,47,38,39,13,30
"Haiti",114,"Z_TOTAL","corals",NA,NA,NA,NA,NA,NA,NA,NA,NA,NA,NA,NA,NA,NA,NA,NA,NA,NA,NA,NA,NA,NA,96,134,207,204,320,266,215,145,158,113,78,40,39,35,14,47,38,39,13,30
"Honduras",133,"Coral and the like","corals",NA,NA,NA,NA,NA,NA,NA,NA,NA,NA,NA,NA,NA,NA,NA,NA,1024,830,75,200,4,0,126.49599905797,3,0,0,0,0,0,0,0,0,0,0,0,0,0,0,0,0,0,0
"Honduras",133,"Z_TOTAL","corals",NA,NA,NA,NA,NA,NA,NA,NA,NA,NA,NA,NA,NA,NA,NA,NA,1024,830,75,200,4,0,126.49599905797,3,0,0,0,0,0,0,0,0,0,0,0,0,0,0,0,0,0,0
"Iceland",143,"Coral and the like","corals",NA,NA,NA,NA,NA,NA,NA,NA,NA,NA,NA,NA,NA,NA,NA,NA,NA,NA,NA,NA,NA,NA,17,0,632.772067390848,0,1,15,3,39,9,3,0,0,0,0,0,0,0,0,0,0
"Iceland",143,"Z_TOTAL","corals",NA,NA,NA,NA,NA,NA,NA,NA,NA,NA,NA,NA,NA,NA,NA,NA,NA,NA,NA,NA,NA,NA,17,0,632.772067390848,0,1,15,3,39,9,3,0,0,0,0,0,0,0,0,0,0
"India",203,"Coral and the like","corals",NA,NA,NA,NA,NA,NA,NA,NA,NA,NA,NA,NA,NA,NA,NA,NA,NA,NA,NA,NA,NA,NA,NA,NA,7,48,42,114,20,47,0,77,0,0,276,12,9,0,0,1,0,0
"India",203,"Z_TOTAL","corals",NA,NA,NA,NA,NA,NA,NA,NA,NA,NA,NA,NA,NA,NA,NA,NA,NA,NA,NA,NA,NA,NA,NA,NA,7,48,42,114,20,47,0,77,0,0,276,12,9,0,0,1,0,0
"Indonesia",216,"Coral and the like","corals",NA,NA,NA,NA,NA,NA,NA,NA,NA,NA,NA,NA,NA,NA,NA,NA,NA,NA,1131,1171,0,0,0,0,0,0,0,0,0,0,0,0,0,70,620,1172,1300,1153,958,840,915,142
"Indonesia",216,"Z_TOTAL","corals",NA,NA,NA,NA,NA,NA,NA,NA,NA,NA,NA,NA,NA,NA,NA,NA,NA,NA,1131,1171,0,0,0,0,0,0,0,0,0,0,0,0,0,70,620,1172,1300,1153,958,840,915,142
"Ivory Coast",195,"Coral and the like","corals",NA,NA,NA,NA,NA,NA,NA,NA,NA,NA,NA,NA,NA,NA,NA,NA,NA,NA,NA,NA,NA,NA,NA,NA,NA,NA,NA,NA,NA,NA,NA,NA,NA,NA,NA,NA,NA,80,58,483,917,1032
"Ivory Coast",195,"Z_TOTAL","corals",NA,NA,NA,NA,NA,NA,NA,NA,NA,NA,NA,NA,NA,NA,NA,NA,NA,NA,NA,NA,NA,NA,NA,NA,NA,NA,NA,NA,NA,NA,NA,NA,NA,NA,NA,NA,NA,80,58,483,917,1032
"Jamaica",166,"Coral and the like","corals",NA,NA,NA,NA,NA,NA,NA,NA,NA,NA,NA,NA,NA,NA,NA,18,3,3,0,0,159,1,0,0,0,0,0,0,0,0,0,0,0,0,0,0,0,0,0,1.88202126512192,2.01890084499234,2.01890084499234
"Jamaica",166,"Z_TOTAL","corals",NA,NA,NA,NA,NA,NA,NA,NA,NA,NA,NA,NA,NA,NA,NA,18,3,3,0,0,159,1,0,0,0,0,0,0,0,0,0,0,0,0,0,0,0,0,0,1.88202126512192,2.01890084499234,2.01890084499234
"Japan",210,"Coral and the like","corals",15,8,6,3,6,4,8,35,19,11,9,0,0,0,3736,3207,3192,5100,12125,7566,7849,6412,3546,3205,6117,10406,7022,2449,2433,3789,3816,3625,2672,2968,3222,6774,15008,10674,12793,22002,25363,28025
"Japan",210,"Z_TOTAL","corals",15,8,6,3,6,4,8,35,19,11,9,0,0,0,3736,3207,3192,5100,12125,7566,7849,6412,3546,3205,6117,10406,7022,2449,2433,3789,3816,3625,2672,2968,3222,6774,15008,10674,12793,22002,25363,28025
"Madagascar",42,"Coral and the like","corals",NA,NA,NA,NA,NA,NA,NA,NA,NA,NA,NA,NA,NA,NA,51,50,12,2,11,152,47,0,161,152,118,0,0,124,181,228,524,191,147,157,325,419,228,355,478,330,257,345
"Madagascar",42,"Z_TOTAL","corals",NA,NA,NA,NA,NA,NA,NA,NA,NA,NA,NA,NA,NA,NA,51,50,12,2,11,152,47,0,161,152,118,0,0,124,181,228,524,191,147,157,325,419,228,355,478,330,257,345
"Malaysia",206,"Coral and the like","corals",NA,NA,NA,NA,NA,NA,NA,NA,NA,NA,NA,NA,NA,NA,4,2,1,23.7161876133509,23.7897471204196,7.68500959428047,24,26,14,1,2,5,82,23,47,24,4,13,13,54,49,88,229,470,253,33,12,1
"Malaysia",206,"Z_TOTAL","corals",NA,NA,NA,NA,NA,NA,NA,NA,NA,NA,NA,NA,NA,NA,4,2,1,23.7161876133509,23.7897471204196,7.68500959428047,24,26,14,1,2,5,82,23,47,24,4,13,13,54,49,88,229,470,253,33,12,1
"Maldives",39,"Coral and the like","corals",NA,NA,NA,NA,NA,NA,NA,NA,NA,NA,NA,NA,NA,NA,NA,NA,NA,NA,NA,NA,8,24,8,13,27,29,37,29,14,0,0,0,0,1,0,0,0,0,0,0,0,0
"Maldives",39,"Z_TOTAL","corals",NA,NA,NA,NA,NA,NA,NA,NA,NA,NA,NA,NA,NA,NA,NA,NA,NA,NA,NA,NA,8,24,8,13,27,29,37,29,14,0,0,0,0,1,0,0,0,0,0,0,0,0
"Marshall Islands",11,"Coral and the like","corals",NA,NA,NA,NA,NA,NA,NA,NA,NA,NA,NA,NA,NA,NA,NA,NA,NA,NA,NA,NA,NA,NA,33,0,0,15.2380959049217,7,12,18,34,42,12,7,16,5.18331716779826,2,9,6,3,17,4,4
"Marshall Islands",11,"Z_TOTAL","corals",NA,NA,NA,NA,NA,NA,NA,NA,NA,NA,NA,NA,NA,NA,NA,NA,NA,NA,NA,NA,NA,NA,33,0,0,15.2380959049217,7,12,18,34,42,12,7,16,5.18331716779826,2,9,6,3,17,4,4
"Mauritius",37,"Coral and the like","corals",NA,NA,NA,NA,NA,NA,NA,NA,NA,NA,NA,NA,NA,NA,NA,NA,NA,NA,0,23,0,0,0,0,0,0,0,0,5,0,0,0,0,0,0,0,25,0,0,0,0,0
"Mauritius",37,"Z_TOTAL","corals",NA,NA,NA,NA,NA,NA,NA,NA,NA,NA,NA,NA,NA,NA,NA,NA,NA,NA,0,23,0,0,0,0,0,0,0,0,5,0,0,0,0,0,0,0,25,0,0,0,0,0
"Mexico",135,"Coral and the like","corals",NA,NA,NA,NA,NA,NA,NA,NA,NA,NA,NA,NA,NA,NA,NA,NA,NA,NA,NA,NA,NA,NA,NA,NA,NA,NA,44,19,0,28,10,36,1,0,0,0,0,0,0,0,0,0
"Mexico",135,"Z_TOTAL","corals",NA,NA,NA,NA,NA,NA,NA,NA,NA,NA,NA,NA,NA,NA,NA,NA,NA,NA,NA,NA,NA,NA,NA,NA,NA,NA,44,19,0,28,10,36,1,0,0,0,0,0,0,0,0,0
"Micronesia",9,"Coral and the like","corals",NA,NA,NA,NA,NA,NA,NA,NA,NA,NA,NA,NA,NA,NA,NA,NA,NA,NA,NA,NA,NA,NA,26,44,16,0,12,3,14.409498681086,40,151,24,15,2,160,99,4,40,113,5,6,4
"Micronesia",9,"Z_TOTAL","corals",NA,NA,NA,NA,NA,NA,NA,NA,NA,NA,NA,NA,NA,NA,NA,NA,NA,NA,NA,NA,NA,NA,26,44,16,0,12,3,14.409498681086,40,151,24,15,2,160,99,4,40,113,5,6,4
"Montenegro",186,"Coral and the like","corals",NA,NA,NA,NA,NA,NA,NA,NA,NA,NA,NA,NA,NA,NA,NA,NA,NA,NA,NA,NA,145,223,21,128,0,118,0,15,0,0,0,0,0,0,0,0,0,0,0,0,0,0
"Montenegro",186,"Z_TOTAL","corals",NA,NA,NA,NA,NA,NA,NA,NA,NA,NA,NA,NA,NA,NA,NA,NA,NA,NA,NA,NA,145,223,21,128,0,118,0,15,0,0,0,0,0,0,0,0,0,0,0,0,0,0
"Morocco",62,"Coral and the like","corals",NA,NA,NA,NA,NA,NA,NA,NA,NA,NA,NA,NA,NA,NA,NA,NA,NA,NA,5,4,3,68,418,358,276,158,22,5,80.2357528120283,0,0,0,0,0,0,0,0,0,0,0,0,0
"Morocco",62,"Z_TOTAL","corals",NA,NA,NA,NA,NA,NA,NA,NA,NA,NA,NA,NA,NA,NA,NA,NA,NA,NA,5,4,3,68,418,358,276,158,22,5,80.2357528120283,0,0,0,0,0,0,0,0,0,0,0,0,0
"New Zealand",162,"Coral and the like","corals",NA,NA,NA,NA,NA,NA,NA,NA,NA,NA,NA,NA,NA,NA,660.949063816934,680.603403133497,634.606233019589,589.963972105936,607.770707967604,540.834032031598,511.342119448054,520.157185162585,465.16834490154,206,254,210,450,442,475,390,301,430,270,200,294,258,231,216,228,193,288,247
"New Zealand",162,"Z_TOTAL","corals",NA,NA,NA,NA,NA,NA,NA,NA,NA,NA,NA,NA,NA,NA,660.949063816934,680.603403133497,634.606233019589,589.963972105936,607.770707967604,540.834032031598,511.342119448054,520.157185162585,465.16834490154,206,254,210,450,442,475,390,301,430,270,200,294,258,231,216,228,193,288,247
"Nicaragua",131,"Coral and the like","corals",NA,NA,NA,NA,NA,NA,NA,NA,NA,NA,NA,NA,NA,NA,NA,NA,NA,NA,NA,NA,NA,NA,NA,NA,NA,NA,NA,NA,NA,18,70,45,0,2,22,17,0,0,0,1,16,1.07368534657205
"Nicaragua",131,"Z_TOTAL","corals",NA,NA,NA,NA,NA,NA,NA,NA,NA,NA,NA,NA,NA,NA,NA,NA,NA,NA,NA,NA,NA,NA,NA,NA,NA,NA,NA,NA,NA,18,70,45,0,2,22,17,0,0,0,1,16,1.07368534657205
"North Korea",21,"Coral and the like","corals",NA,NA,NA,NA,NA,NA,NA,NA,NA,NA,NA,NA,NA,NA,49,0,0,0,0,0,0,0,36,125,52,50,103,194,333,1426,623,443,239,421,493,533,48,231,474,547,808,440
"North Korea",21,"Z_TOTAL","corals",NA,NA,NA,NA,NA,NA,NA,NA,NA,NA,NA,NA,NA,NA,49,0,0,0,0,0,0,0,36,125,52,50,103,194,333,1426,623,443,239,421,493,533,48,231,474,547,808,440
"Norway",223,"Coral and the like","corals",NA,NA,NA,NA,NA,NA,NA,NA,NA,NA,NA,NA,NA,NA,NA,NA,NA,NA,NA,915.714825304894,938.939051551992,895,1142,1744,1244,2373,2289,2592,3311,4883,1711,413,173,25,12,10,3,6,3,1,1,2
"Norway",223,"Z_TOTAL","corals",NA,NA,NA,NA,NA,NA,NA,NA,NA,NA,NA,NA,NA,NA,NA,NA,NA,NA,NA,915.714825304894,938.939051551992,895,1142,1744,1244,2373,2289,2592,3311,4883,1711,413,173,25,12,10,3,6,3,1,1,2
"Oman",48,"Coral and the like","corals",NA,NA,NA,NA,NA,NA,NA,NA,NA,NA,NA,NA,NA,NA,NA,NA,NA,NA,NA,13,20,0,9,0,42,30,0,15,0,0,30,56,0,0,0,0,0,0,0,0,0,0
"Oman",48,"Z_TOTAL","corals",NA,NA,NA,NA,NA,NA,NA,NA,NA,NA,NA,NA,NA,NA,NA,NA,NA,NA,NA,13,20,0,9,0,42,30,0,15,0,0,30,56,0,0,0,0,0,0,0,0,0,0
"Pakistan",53,"Coral and the like","corals",NA,NA,NA,NA,NA,NA,NA,NA,NA,NA,NA,NA,NA,NA,NA,NA,NA,NA,NA,NA,NA,NA,NA,NA,NA,NA,49,0,0,0,0,134,0,18,0,3,43,241,469,8,4,32
"Pakistan",53,"Z_TOTAL","corals",NA,NA,NA,NA,NA,NA,NA,NA,NA,NA,NA,NA,NA,NA,NA,NA,NA,NA,NA,NA,NA,NA,NA,NA,NA,NA,49,0,0,0,0,134,0,18,0,3,43,241,469,8,4,32
"Palau",8,"Coral and the like","corals",NA,NA,NA,NA,NA,NA,NA,NA,NA,NA,NA,NA,NA,NA,NA,NA,NA,NA,NA,NA,NA,NA,50,38,20,0,0,14.2857371525529,0,55,14,1,96,0,10.0525701621859,32,0,8.17407635509448,0,0,0,0
"Palau",8,"Z_TOTAL","corals",NA,NA,NA,NA,NA,NA,NA,NA,NA,NA,NA,NA,NA,NA,NA,NA,NA,NA,NA,NA,NA,NA,50,38,20,0,0,14.2857371525529,0,55,14,1,96,0,10.0525701621859,32,0,8.17407635509448,0,0,0,0
"Papua New Guinea",17,"Coral and the like","corals",NA,NA,NA,NA,NA,NA,NA,NA,NA,NA,NA,NA,NA,NA,NA,NA,NA,NA,NA,NA,4,0,67.6178380664278,0,60.6363514917057,73,54.0273337363105,0,4,34,15,0,5,0,126,0,0,109,32,17,0,50
"Papua New Guinea",17,"Z_TOTAL","corals",NA,NA,NA,NA,NA,NA,NA,NA,NA,NA,NA,NA,NA,NA,NA,NA,NA,NA,NA,NA,4,0,67.6178380664278,0,60.6363514917057,73,54.0273337363105,0,4,34,15,0,5,0,126,0,0,109,32,17,0,50
"Peru",138,"Coral and the like","corals",NA,NA,NA,NA,NA,NA,NA,NA,NA,NA,NA,NA,NA,NA,NA,NA,NA,NA,NA,NA,NA,4,8,15,6,46,34,3,5.72481817802327,5,3,6,16,11,1,49,62,65,13,14,7.09784729526823,13
"Peru",138,"Z_TOTAL","corals",NA,NA,NA,NA,NA,NA,NA,NA,NA,NA,NA,NA,NA,NA,NA,NA,NA,NA,NA,NA,NA,4,8,15,6,46,34,3,5.72481817802327,5,3,6,16,11,1,49,62,65,13,14,7.09784729526823,13
"Philippines",15,"Coral and the like","corals",NA,NA,NA,NA,NA,NA,NA,NA,NA,NA,NA,NA,NA,NA,NA,1789,3135,1656,2260,1785,1925,1832,1724,1254,1239,1805,2196,3207,4724,3740,2702,0,0,0,0,0,0,0,0,0,0,0
"Philippines",15,"Z_TOTAL","corals",NA,NA,NA,NA,NA,NA,NA,NA,NA,NA,NA,NA,NA,NA,NA,1789,3135,1656,2260,1785,1925,1832,1724,1254,1239,1805,2196,3207,4724,3740,2702,0,0,0,0,0,0,0,0,0,0,0
"Romania",72,"Coral and the like","corals",NA,NA,NA,NA,NA,NA,NA,NA,NA,NA,NA,NA,NA,NA,NA,NA,10,45,67,0,87,0,92,88,59,120,106,75,100,96,94,89,93,96,112,93,109,136,119,149,117,122
"Romania",72,"Z_TOTAL","corals",NA,NA,NA,NA,NA,NA,NA,NA,NA,NA,NA,NA,NA,NA,NA,NA,10,45,67,0,87,0,92,88,59,120,106,75,100,96,94,89,93,96,112,93,109,136,119,149,117,122
"Russia",73,"Coral and the like","corals",NA,NA,NA,NA,NA,NA,NA,NA,NA,NA,NA,NA,NA,NA,NA,NA,NA,NA,NA,NA,NA,NA,NA,NA,1681,1788,6,2614,2815,1790,2241,1588,683,1636,141,536,689,1,65,149,2645,4567
"Russia",73,"Z_TOTAL","corals",NA,NA,NA,NA,NA,NA,NA,NA,NA,NA,NA,NA,NA,NA,NA,NA,NA,NA,NA,NA,NA,NA,NA,NA,1681,1788,6,2614,2815,1790,2241,1588,683,1636,141,536,689,1,65,149,2645,4567
"Saba",248,"Coral and the like","corals",NA,NA,NA,NA,NA,NA,NA,NA,NA,NA,NA,NA,NA,NA,NA,NA,NA,NA,NA,NA,NA,NA,NA,NA,0,0.25,0.5,0.25,0,0,0,0,0,0,0,0,0,0,0,0,0,0
"Saba",248,"Z_TOTAL","corals",NA,NA,NA,NA,NA,NA,NA,NA,NA,NA,NA,NA,NA,NA,NA,NA,NA,NA,NA,NA,NA,NA,NA,NA,0,0.25,0.5,0.25,0,0,0,0,0,0,0,0,0,0,0,0,0,0
"Senegal",66,"Coral and the like","corals",NA,NA,NA,NA,NA,NA,NA,NA,NA,NA,NA,NA,NA,NA,NA,NA,NA,NA,NA,NA,NA,NA,1250,23,0,0,4,0,0,0,0,0,0,22,1,202,51,19,0,0,4,4
"Senegal",66,"Z_TOTAL","corals",NA,NA,NA,NA,NA,NA,NA,NA,NA,NA,NA,NA,NA,NA,NA,NA,NA,NA,NA,NA,NA,NA,1250,23,0,0,4,0,0,0,0,0,0,22,1,202,51,19,0,0,4,4
"Singapore",208,"Coral and the like","corals",NA,NA,NA,NA,NA,NA,NA,NA,NA,NA,NA,NA,NA,NA,1012,453,498,330,188,0,0,0,0,0,0,0,0,0,0,0,0,0,0,0,116.132810104587,1,0,0,0,0,0,0
"Singapore",208,"Z_TOTAL","corals",NA,NA,NA,NA,NA,NA,NA,NA,NA,NA,NA,NA,NA,NA,1012,453,498,330,188,0,0,0,0,0,0,0,0,0,0,0,0,0,0,0,116.132810104587,1,0,0,0,0,0,0
"Sint Eustatius",249,"Coral and the like","corals",NA,NA,NA,NA,NA,NA,NA,NA,NA,NA,NA,NA,NA,NA,NA,NA,NA,NA,NA,NA,NA,NA,NA,NA,0,0.25,0.5,0.25,0,0,0,0,0,0,0,0,0,0,0,0,0,0
"Sint Eustatius",249,"Z_TOTAL","corals",NA,NA,NA,NA,NA,NA,NA,NA,NA,NA,NA,NA,NA,NA,NA,NA,NA,NA,NA,NA,NA,NA,NA,NA,0,0.25,0.5,0.25,0,0,0,0,0,0,0,0,0,0,0,0,0,0
"Sint Maarten",220,"Coral and the like","corals",NA,NA,NA,NA,NA,NA,NA,NA,NA,NA,NA,NA,NA,NA,NA,NA,NA,NA,NA,NA,NA,NA,NA,NA,0,0.25,0.5,0.25,0,0,0,0,0,0,0,0,0,0,0,0,0,0
"Sint Maarten",220,"Z_TOTAL","corals",NA,NA,NA,NA,NA,NA,NA,NA,NA,NA,NA,NA,NA,NA,NA,NA,NA,NA,NA,NA,NA,NA,NA,NA,0,0.25,0.5,0.25,0,0,0,0,0,0,0,0,0,0,0,0,0,0
"Solomon Islands",7,"Coral and the like","corals",NA,NA,NA,NA,NA,NA,NA,NA,NA,NA,NA,NA,NA,NA,NA,NA,NA,NA,NA,NA,NA,NA,391,238,169,143,266,146,214,282,378,397,300,280,238,358,135,157,165,35,0,0
"Solomon Islands",7,"Z_TOTAL","corals",NA,NA,NA,NA,NA,NA,NA,NA,NA,NA,NA,NA,NA,NA,NA,NA,NA,NA,NA,NA,NA,NA,391,238,169,143,266,146,214,282,378,397,300,280,238,358,135,157,165,35,0,0
"Somalia",44,"Coral and the like","corals",NA,NA,NA,NA,NA,NA,NA,NA,NA,NA,NA,NA,NA,NA,NA,NA,NA,NA,NA,NA,NA,NA,NA,NA,NA,5.63832342217393,0,1,0,37.3327809813127,0,52,13,0,21,0,0,0,0,1,0,0
"Somalia",44,"Z_TOTAL","corals",NA,NA,NA,NA,NA,NA,NA,NA,NA,NA,NA,NA,NA,NA,NA,NA,NA,NA,NA,NA,NA,NA,NA,NA,NA,5.63832342217393,0,1,0,37.3327809813127,0,52,13,0,21,0,0,0,0,1,0,0
"South Africa",102,"Coral and the like","corals",NA,NA,NA,NA,NA,NA,NA,NA,NA,NA,NA,NA,NA,NA,NA,NA,NA,NA,70,0,0,217,273,76,65,11,20,51,63,51,42,21,14,8,10,10,6,10,11,27,16,25
"South Africa",102,"Z_TOTAL","corals",NA,NA,NA,NA,NA,NA,NA,NA,NA,NA,NA,NA,NA,NA,NA,NA,NA,NA,70,0,0,217,273,76,65,11,20,51,63,51,42,21,14,8,10,10,6,10,11,27,16,25
"South Korea",20,"Coral and the like","corals",NA,NA,NA,NA,NA,NA,NA,NA,NA,NA,NA,NA,2,0,0,0,0,92.9284602572443,0,504.268196543795,0,0,0,0,0,0,0,0,0,0,0,0,2,3382.97516686883,0,0,0,4205.36698929302,0,0,0,0
"South Korea",20,"Z_TOTAL","corals",NA,NA,NA,NA,NA,NA,NA,NA,NA,NA,NA,NA,2,0,0,0,0,92.9284602572443,0,504.268196543795,0,0,0,0,0,0,0,0,0,0,0,0,2,3382.97516686883,0,0,0,4205.36698929302,0,0,0,0
"Spain",182,"Coral and the like","corals",NA,NA,NA,NA,NA,620.247089396974,334.997284876193,743.599322413628,1019.51256146981,647.462167942542,728.212299232549,705.022871712241,0,0,0,0,0,0,0,0,0,0,0,0,0,0,0,0,0,0,0,0,0,0,0,0,0,0,0,0,0,0
"Spain",182,"Z_TOTAL","corals",NA,NA,NA,NA,NA,620.247089396974,334.997284876193,743.599322413628,1019.51256146981,647.462167942542,728.212299232549,705.022871712241,0,0,0,0,0,0,0,0,0,0,0,0,0,0,0,0,0,0,0,0,0,0,0,0,0,0,0,0,0,0
"Sri Lanka",40,"Coral and the like","corals",NA,NA,NA,NA,NA,NA,NA,NA,NA,NA,NA,NA,NA,NA,185.990442217608,190.35334495235,194.284492224155,233.619587456788,137,416,673,446,603,653,0,498,324,683,591,557,474,574,497,17,16,65,3,14,64,47,44,6
"Sri Lanka",40,"Z_TOTAL","corals",NA,NA,NA,NA,NA,NA,NA,NA,NA,NA,NA,NA,NA,NA,185.990442217608,190.35334495235,194.284492224155,233.619587456788,137,416,673,446,603,653,0,498,324,683,591,557,474,574,497,17,16,65,3,14,64,47,44,6
"Sudan",49,"Coral and the like","corals",NA,NA,NA,NA,NA,NA,NA,NA,NA,NA,NA,NA,NA,NA,NA,NA,NA,NA,NA,65,216,466,412,266,406,388,345,364,365,350,322,14,364,182,154,262,0,120,60,0,0,0
"Sudan",49,"Z_TOTAL","corals",NA,NA,NA,NA,NA,NA,NA,NA,NA,NA,NA,NA,NA,NA,NA,NA,NA,NA,NA,65,216,466,412,266,406,388,345,364,365,350,322,14,364,182,154,262,0,120,60,0,0,0
"Syria",77,"Coral and the like","corals",NA,NA,NA,NA,NA,NA,NA,NA,NA,NA,NA,NA,NA,NA,NA,NA,NA,NA,NA,NA,NA,NA,55,0,27,44,40,0,23,0,0,0,0,0,0,0,0,0,0,0,0,0
"Syria",77,"Z_TOTAL","corals",NA,NA,NA,NA,NA,NA,NA,NA,NA,NA,NA,NA,NA,NA,NA,NA,NA,NA,NA,NA,NA,NA,55,0,27,44,40,0,23,0,0,0,0,0,0,0,0,0,0,0,0,0
"Taiwan",14,"Coral and the like","corals",63,100,226,213,12,42,37,64,78,121,70,104,107,132,0,0,0,0,1,3,6,2,2,4,2,3,31,16,15,19,37,27,24,5,2,3,3,2,1,35,6,3
"Taiwan",14,"Z_TOTAL","corals",63,100,226,213,12,42,37,64,78,121,70,104,107,132,0,0,0,0,1,3,6,2,2,4,2,3,31,16,15,19,37,27,24,5,2,3,3,2,1,35,6,3
"Thailand",25,"Coral and the like","corals",NA,NA,NA,NA,NA,NA,NA,NA,NA,NA,NA,NA,NA,NA,NA,NA,NA,NA,2,0,0,186.271824172301,1,0,0,0,0,0,0,21,58,162,1,0,8,0,3,55,31,13,26,26
"Thailand",25,"Z_TOTAL","corals",NA,NA,NA,NA,NA,NA,NA,NA,NA,NA,NA,NA,NA,NA,NA,NA,NA,NA,2,0,0,186.271824172301,1,0,0,0,0,0,0,21,58,162,1,0,8,0,3,55,31,13,26,26
"Tonga",155,"Coral and the like","corals",NA,NA,NA,NA,NA,NA,NA,NA,NA,NA,NA,NA,NA,NA,NA,NA,NA,NA,NA,NA,NA,NA,NA,NA,0,0,20,0,0,0,0,0,85,30,46,15,36,70,64,0,30,10
"Tonga",155,"Z_TOTAL","corals",NA,NA,NA,NA,NA,NA,NA,NA,NA,NA,NA,NA,NA,NA,NA,NA,NA,NA,NA,NA,NA,NA,NA,NA,0,0,20,0,0,0,0,0,85,30,46,15,36,70,64,0,30,10
"Tunisia",61,"Coral and the like","corals",NA,NA,NA,NA,NA,NA,NA,NA,NA,NA,NA,NA,NA,NA,16,21,12,6,17,7,3,6,4,5,5,5,4,4,5,5,21,14,20,20,32,44,45,6,7,11,8,6
"Tunisia",61,"Z_TOTAL","corals",NA,NA,NA,NA,NA,NA,NA,NA,NA,NA,NA,NA,NA,NA,16,21,12,6,17,7,3,6,4,5,5,5,4,4,5,5,21,14,20,20,32,44,45,6,7,11,8,6
"Turkey",76,"Coral and the like","corals",NA,NA,NA,NA,NA,NA,NA,NA,NA,NA,NA,NA,NA,NA,850,748,947,892,5422,6145,630,565,595,464,354,348,404,417,351,973,756,5889,1017,3723,940,966,850,1151,957,575,559,559
"Turkey",76,"Z_TOTAL","corals",NA,NA,NA,NA,NA,NA,NA,NA,NA,NA,NA,NA,NA,NA,850,748,947,892,5422,6145,630,565,595,464,354,348,404,417,351,973,756,5889,1017,3723,940,966,850,1151,957,575,559,559
"United States",163,"Coral and the like","corals",NA,NA,NA,NA,NA,NA,NA,NA,NA,NA,NA,NA,NA,NA,25647,23325,23499,25499,23860,25530,19150,19889,20221,20476,23809,27318,26997,17008,12639,13517,12008,11091,7635,7085,7401,8918,7602,5677,5950,5778,5445,5272
"United States",163,"Z_TOTAL","corals",NA,NA,NA,NA,NA,NA,NA,NA,NA,NA,NA,NA,NA,NA,25647,23325,23499,25499,23860,25530,19150,19889,20221,20476,23809,27318,26997,17008,12639,13517,12008,11091,7635,7085,7401,8918,7602,5677,5950,5778,5445,5272
"Vanuatu",6,"Coral and the like","corals",NA,NA,NA,NA,NA,NA,NA,NA,NA,NA,NA,NA,NA,NA,NA,NA,NA,NA,NA,NA,NA,NA,25,48,0,29,59,63,36,32,0,0,0,0,0,0,19,0,44,33,36,36
"Vanuatu",6,"Z_TOTAL","corals",NA,NA,NA,NA,NA,NA,NA,NA,NA,NA,NA,NA,NA,NA,NA,NA,NA,NA,NA,NA,NA,NA,25,48,0,29,59,63,36,32,0,0,0,0,0,0,19,0,44,33,36,36
"Venezuela",139,"Coral and the like","corals",NA,NA,NA,NA,NA,NA,NA,NA,NA,NA,NA,NA,NA,NA,NA,NA,NA,NA,1,28,0,0,0,7,3,17,14,0,0,0,0,0,0,0,0,0,0,538,644,1412,894,1180
"Venezuela",139,"Z_TOTAL","corals",NA,NA,NA,NA,NA,NA,NA,NA,NA,NA,NA,NA,NA,NA,NA,NA,NA,NA,1,28,0,0,0,7,3,17,14,0,0,0,0,0,0,0,0,0,0,538,644,1412,894,1180
"Vietnam",207,"Coral and the like","corals",NA,NA,NA,NA,NA,NA,NA,NA,NA,NA,NA,NA,NA,NA,NA,NA,NA,NA,NA,NA,NA,NA,1993,2938,2473,3103,945,1128,2320,3236,3128,2400,2600,3500,3000,3000,2850,1600,2335,3000,2611,2362
"Vietnam",207,"Z_TOTAL","corals",NA,NA,NA,NA,NA,NA,NA,NA,NA,NA,NA,NA,NA,NA,NA,NA,NA,NA,NA,NA,NA,NA,1993,2938,2473,3103,945,1128,2320,3236,3128,2400,2600,3500,3000,3000,2850,1600,2335,3000,2611,2362
